Star_ID,Condition,Title,Score,Summary,Content_General,Content_Love,Content_Career,Content_Fortune,Content_Health,Content_Monthly,Tags,,,,,,,,,,,,,,,,,,,
紫微,,尊貴帝王，自視甚高,75,穩住內心的焦慮，比外界的簇擁更重要。,"今年紫微星入流年命宮，你的氣勢與自信大幅提升，領導與掌控的慾望也隨之而來。雖然展現魄力是好事，但也要提醒自己別變得太過主觀，以免聽不進旁人意見而引發爭執。

特別是在工作方面，請多花心思維繫人際和諧；在簽署文件或合約時，也請務必加倍謹慎，看清細節，小心駛得萬年船。
","**你的感情金句：「與其不斷摩擦碰撞，不如適時保持距離」**

今年的感情運勢就像坐雲霄飛車，不是極速升級，就是遺憾歸零。

**?? 給單身者：**
雖然正式脫單機率不高，但若你格局中帶有桃花星，桃花往往來得又快又猛，讓你瞬間「暈船」。然而，這股熱度往往來得快、去得也快。建議你將觀察期拉長，別讓一時的激情沖昏了頭。衝動決定帶來的，往往是事後的懊悔。

**?? 給有伴者：**
今年感情氛圍充滿火藥味，伴侶間容易因意見不合而爆發爭執，尤其在工作觀念與金錢運用上，分歧會特別明顯。既然容易有變動，若基礎不穩，分手機率極高。反倒是*減少過度密集的相處，適度保持距離，感情品質可能更好。適度的距離不僅能產生美感，更是緩衝衝突的最佳保護傘。

","**你的事業金句：「謹守分寸，明哲保身。捷徑，反而會走進險境。」**

今年在事業上有機會掌權、資源變多，甚至提升地位的良機，但「福禍相依」，需特別嚴防「違規」、「合約漏洞」、「行政疏失」及「無端受累」等問題。

**?? 若你是老闆或主管:**
今年務必謹慎處理法律條文與稅務問題，任何疏忽都可能釀成重大損失，甚至官司問題。

**?? 若你是員工:**
小心無端背黑鍋！電子設備和文件資料也很容易出包，記得隨時備份、多檢查兩次。

行事準則：「寧可慢，不可錯;寧可笨，不可騙。」
凡事照著 SOP 走，這一年「捷徑就是陷阱」。任何遊走在灰色地帶的行為，最後都會變成引爆的地雷。遇到爭執時請記得「以和為貴」，和氣才能生財！

","你的財運金句：「保守理財，信用至上。專業，才是你的招財貓。」

這一年你不適合投機（賭博、炒短線），乖乖靠本業賺錢最實在，升遷和專業技能才是你的「印鈔機」。記住，形象與信用就是你的品牌價值，也是最重要的無形資產。

今年容易因工作失誤而破財。合約條款寫錯、觸犯法規、產品瑕疵等，都可能導致賠償或罰款。

要嚴守原則：不擔保、不借貸。無論親友關係多親密，今年為人作保或借款給他人，被拖累的機率極高。

此外,今年也特別容易為了「面子」而打腫臉充胖子,花了不該花的錢來維持體面。別讓虛榮掏空了你的錢包。

總之，簽署任何文件合約前請仔細檢查、考慮，將資金轉為穩定資產或不動產，才是守財之道。","
你的健康金句：「犒賞自己的努力值得鼓勵，但享受過頭，身體會付出代價。」

今年最大的健康課題是體重管理。若你本就屬於高風險族群，更要警覺代謝症候群、血糖失調、三高(高血壓、高血脂、高血糖)以及痛風等問題。

請多留意口腔保健（如牙齒、牙齦）；此外，呼吸道、食道及消化系統相對脆弱，飲食宜清淡，避免過度刺激。

另外，出外交通要小心擦撞流血。

而女性容易覺得下肢水腫、身體沉重，或者是泌尿系統的感染。

今年你特別容易發懶，能躺就不坐。不行！請把自己從沙發上挖起來，去運動！最好的解藥就是「讓自己爆汗」，把體內的濕氣和廢物排出去。別讓一時的舒適，換來長期的健康債。","?? 需注意的月份 
農曆九月（戊戌月）：
這是全年度工作最混亂、最容易接到罰單、律師信，或是容易與同事主管不合爭執的月份。

策略： 忍字頭上一把刀，低調度過。

農曆三月（壬辰月）：
感情最容易出問題的月份，或者這時候你會覺得特別孤單、沒人了解你。情緒容易暴衝，做出後悔的決定。

策略： 不要在這個月做出衝動的決定，三思而後行。

? 較佳的月份
農曆十月（己亥月）：
財運不錯，有機會談成新的合作案，或是領到不錯的獎金。

農曆十一月（庚子月）：
這個月適合出差、社交、應酬。你會在外面遇到有趣的人，心情會比較開朗。

","自尊, 領導, 貴氣",,,,,,,,,,,,,,,,,,,
天機,化權,智慧變現，權力加身,85,人生成就很重要，但別忘了要盡量開心放鬆。,"今年是天機（化權）在流年命宮。你會變得格外有主見，行事作風甚至會展現出前所未有的魄力。過去那些只敢在心裡盤算的計畫，2026年你會想要付諸行動，也會希望身邊的人給予支持。另外，今年你會感覺比以往更忙。腦袋停不下來，身體也停不下來。這個想做，那個也想做，行程滿檔是常態。記得刻意為自己留白，讓身心有喘息的空間。

整體運勢大方向是好的，唯一需要警惕「人際關係變質」，請特別留意身邊的朋友、同事或下屬，今年容易發生因他人疏失而讓你受累的情況；或者原本和諧的關係，可能因利益衝突、誤會而產生裂痕，甚至反目。
溝通要更透明，界線要更清晰，該說清楚的絕不含糊。

","**你的感情金句:「維繫感情，不是講道理，有時只需牽起他的手。」**

今年的感情運勢就像被陽光曬得暖烘烘。單身者多參與社交活動能創造更多機會，有伴者則能被另一半好好照顧，請好好珍惜這份福氣。

**?? 給單身者：**
別再躲在螢幕後談網戀了！走出去，參加公益活動、戶外運動社團、商會聚餐，你的緣分藏在真實的人群裡。
今年很可能在工作場合，或因業務往來，認識一位能力出眾、職位不錯的對象。若對方出現，請記住：他不愛曖昧不明，喜歡直球對決。別玩欲擒故縱那套，真誠才是最好的吸引力。

**?? 給有伴者：**
今年兩人都想當家做主，容易產生權力角力：你覺得他「管太寬」或「對朋友比對我好」；他覺得你「想太多」或「太計較小節」。也特別容易因為朋友的事而不開心。
溝通請講重點，切忌碎念與翻舊帳。多誇獎讚美，給他面子，他也會相對回饋給你。有時候，一句誇獎勝過千言萬語的道理。","**你的事業金句：「策略取勝，持續佈局；相信自己的才能，穩中求勝。」**

今年在事業運勢相對安穩，特別有利於財務、房產、策略規劃、內部管理或美學設計相關領域的發展。

2026年你會有許多計畫想推動，容易在不知不覺中變得強勢。記住不要硬碰硬。柔性溝通才是王道，多關懷下屬、請客吃飯、建立良好的關係基礎。因為今年同事、下屬或合作廠商容易出現溝通不良，，甚至出現資料錯誤、合約瑕疵，或者在背後說你壞話的情況。

因此，今年不適合與人合夥，對下屬的管理更要注意細節，小心被「豬隊友」拖累進度。

行事準則：適合長期佈局，不宜短線操作。
事業上追求「穩定成長」。不要試圖一步登天，把每一個細節做到位，到年底你會發現成果遠超預期。","你的財運金句：「福星高照，受老天眷顧。心軟，會是你的財富破洞」。

恭喜!今年你賺錢不需要勞碌奔波，財富會以更輕鬆的方式流向你，像是被動收入、紅利獎金、長輩餽贈，或由興趣發展而來。

若你從事諮詢、命理、醫療、社會服務等「替人解難」的工作，收入有機會顯著增加。甚至連買樂透、抽獎、統一發票的中獎率都會變高，老天特別眷顧你。

要說美中不足，在財運最大的課題就是「守不住」。心情好，花錢慶祝一下；心情不好，花錢安慰一下。對吃喝玩樂、旅遊、享受生活的開銷毫不手軟。你會覺得：「賺錢不就是為了讓自己快樂嗎？」
與其亂買東西堆在家裡，不如把錢花在旅遊、學習、養生上。去旅遊、去上課——這些花費能轉化為你的智慧和福氣，是今年最棒的投資。請記得，體驗比物質更有價值，成長比囤積更有意義。

此外，今年特別要警惕，朋友來借錢或慫恿你投資。別因為心軟就答應，今年容易因財傷感情，甚至破財。請練習「哭窮」，果斷拒絕。保護自己的錢包，也是保護彼此的友誼。

財運良方：
? 投資穩健但有配息的項目(如債券型基金、高股息ETF)
? 犒賞自己去旅遊、享受生活
? 今年「花錢」也能帶動「賺錢」的氣場（但要花在對的地方）","你的健康金句：「多喝水、別憋尿；放寬心、別多慮」。

今年容易因思慮過多導致失眠、頭痛或神經衰弱。壓力將直接反映在皮膚上，需防範肌膚過敏、濕疹或青春痘等問題。

免疫系統與代謝功能相對脆弱。請特別留意腎臟、膀胱及泌尿道的保養，預防發炎與感染；女性朋友亦需多關照婦科健康。

也要注意外出安全，駕駛或騎車時請保持專注，切勿貪快，以確保交通平安。

健康良方：「水」是你的特效藥。 請務必每天攝取足夠水分，幫助身體代謝毒素；同時切記「不憋尿」，這是預防結石與發炎最簡單也最重要的方法。","??需注意的月份 
農曆十月（己亥月）：
這是全年度人際關係最糟糕的月份。小心被詐騙、借錢不還、或者是幫朋友背黑鍋。這是一段「真心換絕情」的時期，請把錢包鎖好，閉嘴保平安。

對策：請練習「哭窮」，果斷拒絕借貸。

農曆四月（癸巳月）：
容易與兄弟姊妹或閨蜜吵架，或者出門在外遇到無理取鬧的人。

對策： 謝絕一切不必要的應酬。

? 較佳的月份
農曆正月（庚寅月）：
新年新氣象，財運極佳！這個月心情好，手氣好，非常適合規劃整年的理財方案，或者買個樂透試試手氣。

農曆五月（甲午月）：
雖然忙碌，但效率奇高。這是你「說服力」最強的月份，適合去談判、提案、簽合約（但要把合約看仔細）。","變動,智慧,機會",,,,,,,,,,,,,,,,,,,
太陽,,燃燒自己，照亮別人,80,不必事事都扛在肩上，自己也值得被好好對待。,"今年是太陽在流年命宮。2026年你注定閒不下來，會發現自己莫名其妙成了團體裡的領袖或主導者，不然就是大家都來找你幫忙，為了別人的事忙得團團轉。責任感爆棚，想停都停不下來。

如果你是公眾人物、講師、主管，本年度聲望有望攀上新高峰，影響力將顯著擴大。

事業與名聲持續增長，代價就是燃燒你的健康。不斷發光，也是不斷消耗。記得適時踩煞車，特別警惕「過勞」，別讓事業與義氣變成透支身體的藉口。你可以發光，但不必燃燒殆盡。

2026年你的感情運也是一大亮點。單身者有不錯的緣分出現，有伴的人感情會是你最大的慰藉與充電站。在忙碌奔波的一年，愛情會是你最溫柔的避風港。
","**你的感情金句:「雖然在外經歷風風雨雨，但你能在愛裡感到輕鬆自在。」**

這一年，感情不會是你的戰場，而是你最強的充電站。對方會依賴你，能給你帶來情緒價值。

**?? 給單身者：**
恭喜，你今年是桃花發電機!
聚餐、KTV、品酒會、旅遊團，甚至烹飪教室，這些都是你容易遇到對象的場合。那個很久沒聯絡的老同學、前同事，或朋友的朋友，可能會突然跟你看對眼。

你會遇到什麼樣的人？樂觀、隨和、有點慵懶，有些孩子氣，情緒價值爆表，這很可能就是命中注定要出現的那個人。

**?? 給有伴者：**
你在外面忙得像在打仗，回到家面對另一半，卻能瞬間軟化。今年你們幾乎吵不起來，就算偶有爭執，對方也會用撒嬌或裝傻化解。可以一起去旅遊，一起研究美食名單，享受兩人世界的小確幸。

今年你的伴侶運氣特別好，可能加薪、中獎，或心情特別愉悅。因為他好，連帶你也會受惠，不僅帶來情緒價值，甚至帶來實際的財運或享樂機會。

在外面累了，就回家撒嬌；跟著伴侶去玩樂、散心，對你的身心健康都有幫助。

今年你的另一半是你的貴人，「聽老婆/老公的話大富大貴」——這句話在2026年是真理。","**你的事業金句：「擁有專業與口才，就是你的超能力。」**

你不會只想要默默做事，你是要站在台前發光發熱的人。今年工作表現取決於兩件事：**「你說得好不好聽」以及「你的觀點有沒有說服力」**。

?? 給老闆/創業者

這是個人品牌的時代，今年公司最大的資產就是**「你自己」**。
可以站出來演講、受訪、拍影片、做直播，甚至考慮出版書籍、開設課程，把你的專業知識「輸出」，影響力就是變現力。
不要怕市場上有反對聲音，2026年**「有爭議才有流量」**。只要你的產品或觀點站得住腳，爭議只會讓你的知名度更高。
**風險提醒：**擴張版圖時，務必小心法規邊緣的問題，合約條款要嚴謹，防人之心不可無。

?? 給主管/中高階管理層 

你的主要工作會是**「開會」「談判」「說服」**。今年你需要花大量時間在溝通協調上，但好消息是，由你出面爭取，成功率極高。
今年的你也非常適合做稽核、除錯、抓出部門漏洞的工作。你會看到別人看不到的問題，並且大膽指出來。
人際提醒：你越強勢，底下的人越容易在背後碎碎念。建議對事不對人，用數據和邏輯說話，不要用情緒罵人。


?? 給一般員工/基層 

學會「向上管理」，切記，「默默耕耘」，在今年等於「自動隱形」，做得好不如說得好。在會議上勇於發表意見,用你的專業觀點讓老闆驚艷，有上台報告的機會，搶著去。有對接客戶的機會，搶著去。

專業技術職（如工程師、法務、財會）請把握機會考取證照或鑽研冷門技術，建立不可取代性，這會成為你的護身符。 

另外要注意辦公室的是非八卦會變多。請記得：聽可以，但不要傳。

行事準則：玩笑話不要隨便開，很容易被當真或被截圖。
不要過度猜測老闆或同事的動機，專注在事情本身就好。平時就要累積知識與專業，今年會是你發揮的利器。","**你的財運金句：「在變動中求財，運用你的智慧變現」。**

今年你會感覺現金流動非常頻繁，**左手進，右手出，很難把錢穩妥存著。既然留不住現金，那就讓它「流動」**起來，去投資、去周轉、去擴大經營。
記得，死水會臭，活水才能養魚。

你的財富將來自於「智力」與「策略」。今年特別適合透過策略規劃、專業諮詢、短線操作或多角化經營來獲利。你會熱衷於鑽研股票、匯率或財報，對市場展現高度興趣。  
關鍵提醒： 請將你的聰明才智用於**「計算風險」，而非「賭博運氣」**。

2026 年也是開啟**「斜槓副業」的絕佳時機。利用閒暇時間接案、網拍或投資理財，用腦袋賺取第二份薪水。 同時，別吝嗇於「經營人脈」與「專業進修」**的開銷，這些支出實則是對未來的長線投資，絕對划算。","**你的健康金句：「事業再好，友情再濃，你的健康才是最重要的」。**

若你家族有心臟病史，今年務必格外警覺血壓、心律不整、血管栓塞的問題，這一年是發作的高危險期。

呼吸道容易有突發性發炎，如支氣管炎、肺炎，或因感冒引起的高燒不退；眼部則需留意眼壓過高、視網膜病變或急性結膜炎。

另外，今年易有血光意外，交通安全是第一順位。開車騎車絕對不要搶快，連走路滑手機都要小心撞到柱子。

健康良方：
? 不要過勞 - 再忙也要刻意為自己安排休息時間
? 捐血、洗牙 - 年初主動見點血，應掉血光之災
? 定期體檢 - 重點檢查心血管、肺功能和眼睛
? 情緒管理 - 切忌暴怒，暴怒傷心，更傷身","?? 需注意的月份 
農曆十二月（辛丑月）：

健康風險最高的月份。如果覺得心臟不舒服或頭暈，立刻去醫院，不要拖。開車要極度小心。

農曆六月（乙未月）：

身體容易出狀況，或者與長輩、上司發生嚴重衝突（火氣大）。

? 較佳的月份
農曆三月（壬辰月）：

心情最放鬆、感情最甜蜜、財運（食祿）最豐富的月份。適合度假。

農曆五月（甲午月）：

你的主場。雖然忙碌，但光芒萬丈，適合舉辦活動、發表會，大家都會看到你。","熱情,  顧家, 責任",,,,,,,,,,,,,,,,,,,
武曲+天府,雙星,務實穩定，掌握權力,75,規則可能繁瑣，但它是保護你的防線，而非限制你的枷鎖。,"你的流年命宮是武曲 + 天府的組合。這是執行力與領導力的完美結合，2026年你會展現旺盛企圖心，渴望擴張版圖、成就大事。

若你已經做好完整規劃，絕對具備穩重、務實的能力，能一步步達成預定目標。但要切記不要急躁，有些人可能想要快速變現、追求速成，然而求快，往往就是出問題的開始。

另外，要注意今年容易出現錢財損失，絕對不是因為你賺不到錢，而是容易因罰單、稅務疏漏、合約糾紛或違規賠償而破財。

 要提醒自己：凡事照規矩走，勿遊走法律邊緣或心存僥倖，以免因小失大。

","**你的感情金句:「所有的不好終會結束。改變，是為了迎接全新的美好。」**

今年的你對於感情或許會有些浪漫的想法，絕對不是平平淡淡的一年，而是充滿了**戲劇性、衝突感，甚至是「砍掉重練」**的劇本。

**?? 給單身者：**
你有機會出現新對象，而這個人會讓你「意想不到」，可能不是你過往喜歡的類型，甚至是你曾經說過「我絕對不會喜歡這種人」的那種人。對方可能個性很強烈、有點壞壞的、背景很複雜、或藝術家性格，不然就是與你不同背景，差距很大。

新關係或許火熱浪漫,但來得快,去得也快。2026年容易發生**「閃電戀愛」，甚至「衝動閃婚」**。
**建議：享受激情可以，但別急著給承諾。**多觀察對方，等他情緒失控的時候，看清楚真面目再說。

**?? 給有伴者：**

今年你們的關係呈現大好大壞的極端狀態，非常不安穩。可能是對方有什麼地方想改變，例如想換工作、想搬家、想創業，或者純粹就是看你不順眼，想找架吵。你們也很容易因為**「錢」**引發爭執，或許是金錢觀不同，也許是投資虧損。如果雙方都不肯退讓的話，輕則冷戰、分居，重則分手、離婚。

既然有「變動」的象，那就讓它應在**「環境」**而不是「關係」。

? 改變空間 - 一起搬家、大裝修房子
? 改變距離 - 去很遠的地方旅行、常出差少在家
? 改變頻率 - 聚少離多，讓彼此有更多空間與自由，距離產生美感

如果另一半事業心很重、想突破，不妨支持他的事業發展，讓他把精力發洩在工作上，回家就沒力氣跟你吵了。
","**你的事業金句：「形象是你的通行證，實力是你的護身符。」**

2026年你在職場上職位穩固，甚至有升遷或被賦予重任的機會。**這個穩固的基礎，除了來自你的能力，更仰賴「有制度、有規模、嚴謹」的環境支撐。**若根基不穩，很容易淪為「外強中乾」的假象。

?? 給老闆/創業者

今年是重塑品牌形象與建立SOP的關鍵年，適合裝修門面、優化識別系統。 你不需要去前線衝刺，請退居幕後進行管理，整頓內部組織，把權責分清楚。學會「抓大放小」，讓組織自動運轉。 

此外，要小心別為了維持排場而讓現金流吃緊，或者因為稅務/法規問題被罰款。

建議專注在管理團隊、建立制度，只要你不走偏門，這一年事業運很穩。守法合規，是事業長青的基石。

?? 給主管/中高階管理層 

你在 2026 年有機會升職，或者被賦予更大的權力，不然就是擁有更多的話語權。但，同時你也會發現雖然權力變大，可是上面的主管、大老闆盯你也盯得緊，下面的員工也會不時出包，讓你變成了「夾心餅乾」。

建議恩威並施，要有威嚴，也要有親和力。對人要圓融，對事要講原則。另外，在簽署任何文件前，請確認沒有問題才簽字，不要幫別人背黑鍋。

?? 給一般員工/基層 

你這一年有機會接近「權力核心」。比方說，調到**「老闆身邊」或者是「核心部門」**（如總經理室、稽核室、法務部）。你的工作內容可能會變得比較「高級」，或者是接觸的人層級更高。雖然職位可能沒有大幅提升，但你會發現處理的事情變重要了。

今年你的外在形象能為你加分，把外表打理好，考績自然好。跟緊你的主管或老闆，你的貴人就在上層。只要他們不倒，你就很穩。

不要自作聰明走捷徑，按部就班完成工作，就是2026年最好的保命符。

行事準則：打理好門面，一切守法合規，自然平安順心。
建立好做事的規範與流程，為自己維持良好的形象，就是替未來的職涯發展打好基礎。","**你的財運金句：「省事未必能省錢，守規守法才能穩穩進帳」。**

2026 年是需要高度**「守法」與「謹慎」**的一年。財運充滿變數，金錢流動往往伴隨著法律風險。切勿追求高風險偏財（如賭博、投機），以免因小失大，甚至招惹官非。

請嚴格遵守法規，無論是稅務申報、交通規則或合約條款。任何貪圖方便、遊走灰色地帶的行為，最終都將轉化為昂貴的罰單或訴訟賠償。

也需留意因轉帳錯誤、文書漏洞或電子設備（手機、電腦）損壞造成的財務損失。凡事請照規矩走，簽署文件前再三確認；若有閒錢，不妨主動更換老舊電子設備。

這一年，開車不超速、報稅不漏報、合約不馬虎，當然也不替人作保。 你的每一筆錢都要**「乾乾淨淨」**。任何走後門、拿回扣、灰色地帶的收入，2026年都會變成燙手山芋，輕則破財消災，重則惹上牢獄之災。","**你的健康金句：「吃再多的藥，都比不上睡個好覺」。**

2026年你的健康關鍵詞是**「失調」與「耗損」**，容易出現自律神經失調、失眠、內分泌系統問題。

如果本來眼睛就比較不好，需防範眼壓飆升、嚴重乾眼或飛蚊症惡化。今年極易因用眼過度導致度數加深，若你長時間盯著螢幕工作，今年眼鏡可能要重新驗配了。

同時也切忌過度勞累，以免引發心血管隱憂，或導致身體出現突發性的發炎反應。你的身體就像精密儀器，一點點作息混亂就可能導致大當機。

健康良方：
作息正常是關鍵。**睡好覺，就是最好的良藥。**
具體建議:
? 睡前一小時「關機」 - 不看手機、不看報表，讓大腦真正放鬆
? 睡不著別硬躺 - 起來做點伸展或冥想，反而更容易入睡
? 固定作息時間 - 讓身體建立穩定的生理時鐘

今年睡眠品質將直接決定你的免疫力與整體健康狀態。","?? 需注意的月份 
農曆正月（庚寅月）：

新年一開春就可能有財務漏洞。不管是紅包包太大、打牌輸錢，還是收到去年的罰單。這個月金錢進出要特別謹慎。

農曆七月（丙申月）：

 精神壓力最大的月份。容易因為人際關係、投資失利或被騙錢而煩惱。

? 較佳的月份
農曆五月（甲午月）：

這是你全年氣場最強的時候，適合做重大決策、談判、整頓公司內部。

農曆九月（戊戌月）：

今年事業運的高峰，職場上順風順水，升官、受獎、被老闆重用的時機。","理性, 務實, 執行力",,,,,,,,,,,,,,,,,,,
天同+太陰,"化祿, 雙星",享樂主義，魅力桃花,80,慢慢走，好好享受，但不能一直原地踏步。,"今年流年命宮是天同化祿＋太陰，今年你最大的特質就是**「心寬」**。歲月靜好，豁達自適，過往那些容易讓你糾結的小事，今年都能一笑置之。這種「放得下、不計較」的心境，將讓你度過一段相對愉快且愜意的時光。

你將變得極懂生活情趣、享受當下，無論是出國旅遊、品嚐美食或追求美感體驗，機會都大幅增加。 雖然內心深處偶爾會有不安與焦慮的情緒，你會用「吃喝玩樂」來掩蓋這些焦慮，轉化為生活的動力。這並非壞事，但要留意別讓「及時行樂」變成「逃避現實」的藉口。

另外，你今年有貴人運，尤其容易受到女性的幫助， 雖然對方能力不一定很強，但會為你帶來快樂與機會。有時候，一個善意的引薦、一句溫暖的鼓勵，就能打開新的局面。

唯一要擔心的，就是「過度安逸」。我們可以慢活，但不能懶散。享受生活很好，但別讓安逸磨掉了你的鬥志。偶爾推自己一把，設定小目標，保持前進的節奏，才不會在年底回頭時，發現自己什麼都沒留下。","**你的感情金句:「做一個不過度期待、遠離內耗的自己。」**

這一年桃花運其實很旺，但你會對感情特別敏感，渴望被愛，但又怕受傷害。有時候覺得這段關係可有可無，有時候又覺得很需要人陪。這樣的心態會讓感情增添了不定性。

**?? 給單身者：**

你的緣分容易來自於**「原本就認識的朋友」、「同事」，或者是「年紀差距較大」**的對象。多參加老同學聚會，或者請長輩介紹，是相對容易出現的機會。

沒有那種轟轟烈烈的激情，但會出現成熟、聰明的對象，或許不是浪漫的人，但適合走**「心靈交流」**路線。另外，要小心今年也容易遇到那種「只想跟你玩玩」或者「有危險性」的對象，要踏進感情關係前，請先把觀察期拉長哦！

**?? 給有伴者：**
今年你的伴侶事業心很重、很忙碌、很焦慮，也會很有主見。跟你想放慢、想發懶的步調不同。這可能會讓他變得管很多，愛嘮叨。

既然你想要輕鬆，那就把家裡的大事決策權交給他。你只要負責點頭說「親愛的你說得對」，然後繼續過你的自在日子就好。

只要不干涉對方的工作，給予尊重的距離，這一年感情是穩定的。不要因為自己太閒而變得黏人，這會讓對方有壓力。
","**你的事業金句：「謀定而後動，你的智慧就是最強的資產。」**

這是非常適合你「用腦做事」的一年。你的策略、計劃會被採納，而且你有權力與能力去執行。不過，要避免自己「光想不做」，讓好的點子錯失良機。

?? 給老闆/創業者

你的角色將轉型為**「戰略家」**。非常適合做長遠的佈局、企業轉型、進行商業模式的調整、新產品的研發規劃，或是導入新的管理系統、制定新的SOP。你的直覺和邏輯變得敏銳，能看出市場的下一步。

建議你不要凡事親力親為，你的價值在於**「大腦」**。將時間花在決策與會議上，你的決策會帶領公司獲利。

另外，這一年容易得到資深前輩、產業顧問的指點，或與政府、大機構開啟合作契機。

?? 給主管/中高階管理層 
你會成為團隊中的**「解題高手」**。麻煩在哪裡，機會就在哪裡。這一年你可能會接手一些需要高度專業或棘手的專案，雖然累，這正是展現邏輯分析能力、立下戰功的機會。

而且你的話語權變大， 可以展現你的邏輯能力，你在會議上的提案，基本上老闆都會買單。下屬也會非常服你。這一年你很適合做教育訓練，把你的經驗傳承給團隊，培養你的嫡系部隊。

唯需注意情緒管理，因為忙起來你會很焦慮，甚至對下屬碎碎念。請保持你的優雅，生氣會影響形象。記得要授權，抓大方向就好，不要陷入微觀管理的泥沼。

?? 給一般員工/基層 
如果你有考證照、公職或內部升等考的計劃，2026 年是絕佳時機。

也適合從事諮詢、企劃、秘書、專業技術類的工作，在職場上如魚得水，甚至會得到重用。你的策略、計劃會被採納，而且會被授權執行。

你在工作上會容易有資深同事協助，或是遇到年長的貴人，如果要轉職的人，你從事的行業可能需要「解決麻煩」、「顧問諮詢」或「醫療法律」等性質。

行事準則：
不要只會做執行，試著提出你的改善計畫。這一年你的「想法」比你的「勞力」值錢。
鑽研冷門知識、專業技能，學一點別人不會的技能，將成為你無可取代的護身符。
","**你的財運金句：「你的人緣與口才，會帶來豐盛的能量」。**

今年擁有得天獨厚的偏財運，常有*「不勞而獲」**的小確幸，比如中獎、有人請客、或是獎金比預期多。業務上亦容易有「輕鬆成交」或「客戶主動上門」的好事。

如果你是用名氣、說話或是國際貿易賺錢，今年會有很好的發展，**今年你不適合坐在辦公室裡等錢**，要出差、要跑客戶、要跨區經營。跑得越遠，賺得越多。而你有很強的策略和專業技術來支撐你的賺錢模式。不過，現金流動很快，賺得多，花在享樂上的也多。

反正你今年賺錢的目的很單純，就是為了**「爽」**。你會把賺來的錢拿去吃大餐、買好東西、去旅遊。

2026 年的財運密碼就是**「財散人聚」**。你越懂得花錢請客，你的人緣越好，回頭帶來的生意就越多。不要太摳門。

另外，嚴禁合夥、借貸、高槓桿投資。 這是你財庫唯一的致命傷。請嚴格守住這條底線，一旦貪心或心軟，辛苦賺來的錢將會付諸流水。","**你的健康金句：「節制是良藥，清淡是補方。健康，先從『收心』開始。」。**

今年泌尿系統(腎臟、膀胱)較為脆弱，女性尤需留意婦科炎症、經期紊亂或水腫現象。

呼吸系統也是警訊區：感冒咳嗽、過敏性鼻炎、支氣管炎都是高機率發生。天氣一變，你的鼻子就成了最準的氣象台。

此外，這一年若「玩太嗨」或「吃太好」，容易導致肝指數攀升、腎臟負荷加重。這不是突發急症，而是長期累積的「富貴病」。享樂的代價，會慢慢反映在健康報表上。
而情緒層面，可能出現週期性憂鬱或焦慮，建議多曬太陽，替自己補充正能量。

健康良方：
請試著**「清心寡慾」**。
這一年，身體的底氣不足。 請節制你的慾望：
? 食慾（少吃高普林海鮮、內臟）
? 酒慾（少喝酒保肝）
? 還是色慾（保護生殖系統）。

過度揮霍會讓免疫系統全面崩盤。

流感季節或空氣品質不佳時,請確實戴好口罩保護呼吸道。

定期從事增強肺活量的運動(游泳、慢跑)，築起身體防線。","?? 需注意的月份 
農曆二月（辛卯月）：

這是全年度最差的月份。小心投資、人際起波瀾、爛桃花找上門。這個月請看緊錢包，早點回家最安全。

農曆八月（丁酉月）：

家宅不寧，容易與家人發生口角爭執，或面臨居家修繕問題（如電器損壞、水管漏水）。多一點耐心溝通，並主動檢查家中設備，以修繕代替爭吵。

? 較佳的月份
農曆五月（甲午月）：

心情愉悅、財運順遂且口福極佳。所有的煩惱將暫時消散，是身心最放鬆的時刻。建議安排一場旅遊，好好犒賞自己。

農曆九月（戊戌月）：

事業運勢爆發，努力將開花結果。提案易獲通過，升遷有望，請全力衝刺。若有重要考試或考核，此月將是金榜題名的最佳時機。",慵懶、享受、情緒化,,,,,,,,,,,,,,,,,,,
廉貞+天相,"化忌, 雙星",長袖善舞，險中求勝,70,踏實前行，就算眼前的結果不夠完美，日後會以其他形式得到回報。,"今年流年命宮落在廉貞+天相組合，對你而言，這是**「站穩腳步、確立方向、重整關係與責任」**的關鍵轉折期。
雖然會忙、會累、會辛苦，但請相信天道酬勤，只要穩紮穩打，這將是「勞而有獲」的一年。

這一年，你不缺資源與人脈，最大的敵人卻是「你自己」。情緒容易敏感、多疑、躁鬱，甚至覺得全世界都在針對你。請記得，這往往是心魔作祟，請試著放寬心，與自己和解。

或許你內心渴望突破與改變，但切記欲速則不達，莫貪圖小便宜。今年特別需要守規守法，一旦鬆懈大意，容易犯錯惹禍，甚至發生合約出包、文書錯誤、違規罰款等狀況。

2026年適合重新定位自己的角色，學習更成熟地運用你的能力與影響力。過去選擇逃避或模糊處理的事，今年將迫使你直球對決。請視其為成長的契機。經過這一年的淬煉，你將**「磨出一個更好的自己」**。","**你的感情金句:「那些不願等待的人，往往也不值得你期待。」**

今年情緒波動、多疑心態與慾望起伏，都會影響你對感情關係的判斷。別把事情想得太複雜，簡單一點，只需清楚自己在關係中真正要的是什麼。若關係早已累積問題，2026 就是攤牌與抉擇的一年。

?? 給單身者：

2026 年桃花機會不缺，你可能遇見極具魅力、興趣廣泛的對象。但不容易一見鍾情，真正來電時卻會愛得很深。因此更適合慢慢了解，而非火速投入。先享受約會的感覺，別太快暈船。記得，有些人的出現，不是為了給你圓滿，而是帶來成長的修煉。

所謂寧缺勿濫。若你追求穩定關係，就得仔細觀察，別讓一時心動模糊了判斷。

?? 給有伴者：
2026 年是**「信任危機年」**。
對方社交應酬可能變多，你的情緒相對容易起伏、疑神疑鬼，對方會覺得你不可理喻。切記別將自己的壓力與負面情緒發洩在伴侶身上。多安排「吃喝玩樂」的共處時光，能有效增進彼此感情。

今年你們需要更多耐心溝通，適合重新調整相處模式。記住這個原則：**線抓在你手裡，但要讓他自由飛翔。**你越抓得緊，線越容易斷。


","**你的事業金句：「實力是底氣，守法是底線。走得慢，卻能走得遠。」**

2026年,你要**「靠實力說話」**。沒有花俏技巧，就是硬碰硬的執行力較量。這是一場硬碰硬的執行戰役，細節決定成敗。處理任何文件與報表時，請務必再三檢查，一個小數點的錯誤，都可能造成不可挽回的損失。

?? 給老闆/創業者
今年人事、合作、制度都需要重新調整。你的執行力很強，能夠務實堅定地完成計劃，事業規模有機會再升級，但也容易因人事問題心力交瘁。不要害怕做決定。只要合規合法就放手去做，拖延只會累積更多成本。

請小心因稅務、工安、勞資糾紛而遭罰款。建議聘請專業法律顧問把關所有合約，別為了省小錢惹上官司或違約。


?? 給主管/中高階管理層 
你會明顯感到責任加重、管理壓力倍增，因而可能展現強勢領導風格，希望快速達成目標。但要留意自己的情緒，容易遷怒下屬，導致團隊士氣低落。

**SOP 是你的保命符。**做事照規矩來，不走灰色地帶。同時控制自己的脾氣，否則沒人敢說真話，最後出包的還是你自己。

?? 給一般員工/基層 
這一年你會**「被看見」**。工作量明顯增加，表現機會隨之而來，上司會特別關注你的成果。也容易面臨職務調整、更換主管或轉調部門，或許壓力隨之而生，切記不要太急躁。
你的能力是武器，踏實是防護網。也許需要像戰士般全力以赴，但只要把該做的事做好，自然獲得應有回報。

職場上**「人和」極為重要。**你可能覺得同事拖後腿，對於上級指令若涉及法律風險或灰色地帶**，請堅守底線，絕對不碰，也別讓情緒主導判斷。

行事準則：
細心處理文件，避免出錯惹禍。遇到灰色地帶的業務，絕對不碰！
今年**「守法」**就是你最大的護身符。
","**你的財運金句：「穩健踏實、互利共好，自能迎來豐盛收穫。」。**

2026 年財運屬於「辛苦有成」型，有付出必有回報。正財穩健，偏財普通，投資宜保守。切勿因情緒波動、朋友慫恿或過度期待而做重大投資決策。今年適合穩健累積、精算支出。

今年的財富機遇在於**「格局提升」**。有機會接觸高端客戶、承接大筆資金，或獲得來自大型機構的收入。適合透過人脈進行**「資源整合」**，扮演橋樑與平台的角色來創造獲利。

嚴守紀律，不違規、守信用，這是財運穩固的根基。一旦不守規矩或信用，極易惹禍上身、錢財流失。堅守正道，秉持「互利共好」的合作心態，自然引來優質機會與可觀收入成長。","**你的健康金句：「鬆緊有度，才能保持身心的彈性」。**

今年容易思慮過度，大腦停不下來，可能導致焦慮、失眠、神經痛、偏頭痛。精神不濟之下，四肢手腳也容易受傷。

另外，疲勞累積會引發筋骨痠痛、肩頸僵硬等問題。更需警惕的是，今年極易發生刀火燙傷、發炎、長痘瘡、手術，甚至交通意外流血事件。

健康良方：
? 讓大腦關機-睡前務必留時間給自己冥想靜心，切斷思緒，改善睡眠。
? 嚴禁疲勞駕駛-這是今年最大的安全隱憂，精神不好時絕對不要上路。
? 規律伸展-設定鬧鐘，定時起身伸展筋骨，釋放身體壓力。
","?? 需注意的月份 
農曆五月(甲午月)：

情緒最不穩定的時期，外出易生變數，或收到罰單。建議減少不必要外出，乖乖閉關保平安。

農曆十一月(庚子月)：

全年外出最危險的月份，容易與人發生肢體衝突或遭遇交通意外。嚴禁疲勞駕駛，能不出遠門就不出門，避免與人正面衝突。

? 較佳的月份
農曆正月（庚寅月）：

開春大吉！財運極佳，會有大筆款項入帳。趁此月備足現金流，以備不時之需。

農曆九月(戊戌月)：

執行力最強、效率最高、工作最能出成績的黃金時段。雖然疲累，但能看見實際成果，正是全力衝刺的好時機。","人際,  規範, 溝通",,,,,,,,,,,,,,,,,,,
貪狼,,桃花人緣，興趣廣闊,75,即使努力前進，即使改變路線，也要守住自己的步調,"今年的流年命宮是貪狼星，代表著慾望、桃花與興趣，這意味著 2026 年的你將變得格外活躍、充滿魅力。你會想學新東西、認識新朋友、賺取更多收入。

**你的魅力增強，人緣轉好，做事更有動力。**機會多、邀約多、選擇多,事業、人際、感情都有種「活起來」的暢快感。

這一年，你可能啟動新計劃、展開新合作，甚至開始全新的生活方式。想改變、想突破、想擴張的渴望如火燃燒，也非常適合跨出舒適圈、展現自我，無論是演講、表演，還是行銷推廣，都能如魚得水。

然而，凡事過猶不及。切勿因「想要更多」而盲目冒險，或因衝動消費而失守荷包。 感情方面，變動是必然的旋律，請穩住心性，將這股變動轉化為關係昇華的契機。

只要能守住節奏、專注目標，這將是你能量飽滿、飛速成長的一年。","**你的感情金句:「有些人，熱鬧了你平淡的人生，卻也擾亂了你平靜的生活。」**

今年感情對你而言，將是最大的課題，也是修煉場。可能複雜糾纏、情緒波動，甚至是非纏身。然而對喜歡變動與刺激的人來說，這或許是充滿浪漫與趣味的體驗。

?? 給單身者：

容易脫單的一年。社交機會大增，會遇到聊得來、玩得來的對象，一拍即合的機率很高，但也容易成為短暫火花，燒得快、滅得也快。

**務必警惕爛桃花**。對方可能有家室、背景複雜，或性格極端。衝動之前，請「停看聽」以保平安。

若你追求長久穩定的關係，務必三思而行。但若只想享受一時浪漫，那倒無妨，只要小心別捲入桃色糾紛或遭遇詐騙。

?? 給有伴者：

這一年你與伴侶的關係將非常緊繃。可能陷入冷戰，或你渴望更多自由與空間，感覺被對方束縛，也可能因「金錢」問題產生矛盾。

另一種情況是對方遭遇工作變動、法律問題或健康狀況，需要你投入更多心力關照。這會是伴侶特別需要你費心的一年。

若關係本來就非常穩定，2026 年有機會一起旅行、啟動新計畫，甚至攜手創業。若關係本來緊繃，或許會被逼著做出選擇。聚少離多是最好的解藥。如果可以，各自忙事業，減少見面頻率，避免火星撞地球。


","**你的事業金句：「不是只有一條路可走，接受有不同路，能抵達就好。」**

這一年你注定坐不住。一股想要改革、創業、轉職的能量在體內翻騰。然而，能量越強，阻力越大，法規與人事角力將是你最大的挑戰。

?? 給老闆/創業者

許多事會親力親為，內心強烈渴望**「擴張做大」**，例如開發新產品、進軍新市場、擊敗競爭對手。你會充滿衝勁與魄力，但也要警惕是否同時開啟太多戰場、戰線拉得過長，或因衝動導致決策失誤。

擴張可以，但須選擇性擴張。任何重大決策(特別是簽約)之前，務必諮詢法律顧問，慎選合作夥伴，並密切關注金流壓力。今年市場瞬息萬變，隨時備好 Plan B，避免資金鏈斷裂。

?? 給主管/中高階管理層 

今年你將有所表現，會主動爭取新專案，也會感到責任重大、壓力山大，甚至萌生帶領變革的企圖心。你將帶領團隊衝鋒陷陣，但要避免行動太快，讓團隊跟不上節奏。

你的執行力很強，但今年務必注重**「人和」，別因急於求成，而採取「高壓」或「命令式」**管理。

這一年別指望他人完全理解你的辛苦與努力。重要的事，自己盯緊。小心因表現太突出或變革太激進，其他部門可能扯後腿，或下屬受不了而離職。請耐著性子處理「人」的問題。


?? 給一般員工/基層 

2026 年機會變多，工作也變忙。有機會調動部門或職務。你會特別忙碌、異常操勞，哪裡最難，老闆就派你去哪裡。因此你可能萌生強烈的**「不想幹了」**念頭。

好消息是若你跳槽，通常能跳到更有挑戰性(或薪水更高)的位置。想換工作可以，但務必等下家確認簽約後再提離職，避免兩頭落空。

若你的工作是專案制或獨立作業型，今年非常適合。把任務漂亮完成，拿了獎金就撤，不戀戰、不捲入辦公室政治。因為今年最讓你心煩的就是「人」。任何文件與合約都要看清楚、核對仔細，別讓人有機會挑毛病，甚至鬥倒你。

行事準則：
如果要轉職，是適合的時機，但請確認好新職位再談離職。
避免與人合夥、合作，小心各種人事糾紛。","**你的財運金句：「膽大要心細，莫因貪念走偏門，資產配置保根基。」。**

今年財運屬於「大進大出、敢賭敢花」型。不論投資或消費都像水龍頭全開，噴出的水柱很強勁，但水箱水位下降得也飛快。

賺錢機會多，收入管道多元，可靠創意、技術、斜槓副業增加進帳。你可能為事業砸重金投資，或購置名車、奢侈品包裝自己。現金流波動極大，今天進帳百萬，明天就花掉九十萬。要警惕決策不夠冷靜而失手。

既然現金放銀行帳戶會讓你坐立難安,不如把它轉化成其他的樣子：
裝修房產、更新生財設備(換更快的電腦、翻新店面)
購買績優股、黃金等保值商品

別留太多現金在手上，反正你會留不住。","**你的健康金句：「凡事適可而止。今日的過度享受，將成為明日的身體負擔。」。**

這一年健康問題並非源自「虛弱」,而是**「營養過剩」「代謝變慢」與「濕氣過重」所致。這是典型的「富貴病」**運勢。

例如，要注意體重直線上升(虛胖)，容易引發高血糖(糖尿病風險)、高血脂、痛風。也要留意胃食道逆流、慢性咽喉炎、吞嚥困難，以及蛀牙、牙周病或根管治療需求。
另
需警惕因飲酒、過度社交、睡眠不足造成的代謝問題。女性朋友尤須注意婦科問題、泌尿道感染，或內分泌失調導致的水腫。

健康良方：
? 斷糖飲食： 糖分會生濕氣。請執行**「減糖」與「168 輕斷食」**，減輕腸胃負擔。
? 流汗排毒： 身體需要一台除濕機。請進行快走、熱瑜珈等能「大量出汗」的活動，加速代謝。
? 主動檢查： 安排胃鏡、大腸鏡與牙齒檢查，找出那些看不見的隱形問題。","?? 需注意的月份 
農曆三月（壬辰月）：

全年度感情最易生變、甚至面臨分手危機的月份；同時需防範交通違規或行政罰單。 
對策： 情緒易跌入谷底，建議多接觸大自然、外出散心，避免獨自陷入負面思考。

農曆九月（戊戌月）：

工作壓力爆表，易與主管或客戶爆發激烈口角。判斷力下降，絕對禁止簽署任何重要合約或文件。
對策： 採取「低調」策略，不出頭、不逞強。

? 較佳的月份
農曆五月（甲午月）：

人緣極佳，利於拓展人脈與社交。 這是你發光發熱的時刻，適合舉辦活動、公開演講，讓所有人看見你的影響力。

農曆正月（庚寅月）：

行動力最強的月份。雖然開銷較大，但皆為必要的投資。 適合大刀闊斧進行改革，在開春之際搶下新的市場版圖。","桃花, 人緣, 社交",,,,,,,,,,,,,,,,,,,
巨門,,石中隱玉，開口見金,80,減少浪費心力與時間的人事物，這些重整會讓你變得更成熟。,"今年流年命宮是巨門星。2026 年是你擁有**「話語權」與「洞察力」**的一年。你的意見將受到重視，觀察力也會變得異常敏銳，你能看見別人忽略的細節，說出旁人不敢觸及的事實。但話語權是雙面刃，容易招致「是非」與「議論」。

**若遭遇誤解,不妨選擇放下。**當你不與人計較，內心反而感到富足愉快，這股正向能量會轉化為好運，甚至帶動財運提升。

若你的職業涉及口才與溝通（如律師、講師、業務、顧問），今年是你的**「高光時刻」**。請大膽透過談判與演講展現專業，這是你大展身手的舞台。

今年也適合重新檢視人生方向、調整事業規劃，以及釐清人際與合作關係。讓自己減少浪費心力與時間的事物，這些重整會讓你變得更成熟、更務實。

需要留意的是，容易想太多、煩躁、猶豫不決，都會讓情緒波動，進而影響睡眠品質。

整體而言，2026年不是大爆發的一年，但你能找到屬於自己的新方向。","**你的感情金句:「心動，如果沒有行動持續呵護，終究只是衝動。」**

你的感情關係看似平靜，實則暗潮洶湧。「內斂」、「壓抑」、「情緒化」，卻又「渴望被愛」這些矛盾的能量交織纏繞著。可能是暗戀、苦戀，也許是曖昧不明的委屈，或許會處於冷戰狀態。

今年的感情課題只有一個：說清楚、想明白，才能好好前進。

?? 給單身者：
桃花不算旺盛，但有機會遇到文靜秀氣、帶著憂鬱氣質的對象。對方可能不會主動示好，如果你不主動，這段緣分就會變成「暗戀」或「錯過」。

對方因自信不足或舊傷未癒，顯得格外被動。這段關係需要你主動出擊，用耐心陪伴與溫柔關懷，慢慢融化對方的心防。陪伴與關心，是最好的表達方式。

你今年的緣分機會點在「外地」與「朋友圈之外」。多出去旅遊、參加聯誼活動，有機會在異地遇見對象。

?? 給有伴者：
關係上會出現一些不協調，雙方需要重新調整相處方式。例如，對未來方向有不同想法，或小誤會被無限放大。

伴侶這一年情緒起伏較大，甚至有憂鬱傾向，容易鑽牛角尖，需要你的體恤與關心。**對方比較敏感，請少講道理，否則會覺得你在找碴。**他甚至可能用「裝可憐」或「沉默」來表達抗議。

有時候，親友的閒言閒語或金錢借貸問題，可能成為你們爭吵的導火線。

好消息是，雖然關係面臨小挑戰，但你能保持冷靜理性。若對方願意敞開心談，反而能讓關係更穩定。

但請記住，當氣氛不對時，千萬不要講道理，一個擁抱勝過千言萬語。多給予讚美與情緒價值，能有效化解所有的誤會與不安。

這一年是「磨合、修正、定義關係」的年份。","**你的事業金句：「所有的付出，日後都會轉化成豐成的能量回饋給你」**

2026年對你來說是「調整、重整、重新定位」的事業年。整體的事業能量圍繞著「服務」、「口碑」與「親力親為」。今年你的事業成就不在於「爆發力」,而在於**「續航力」**——先打好地基，為日後的突破做準備。

?? 給老闆/創業者

今年能賺錢,但會很辛苦,沒有僥倖。許多事情需要親力親為，可能是下屬能力不足，也可能是你放心不下。你會發現自己比員工還累，大事小事都得管。記住，不要過度專注細節而拖累整體效率。

這一年適合默默耕耘、做出口碑。如果你願意犧牲短期利潤來換取客戶滿意度，長遠來看，能累積品牌聲譽與客戶信任。

2026年，正是重新定義公司方向、進行品牌升級、改寫市場定位的時機。

?? 給主管/中高階管理層 
你需要勞心勞力。下屬不會因為你的職位而信服你，他們是因為看見**「你做得比他們還多」**才願意跟隨。你必須成為團隊表率，把他們帶好，自己才能輕鬆。別太搶風頭，反而招致反感，把光環分給團隊，你的地位反而更穩固。

你的工作很大一部分是在**「協調」**。需要把公司政策「翻譯」給下屬聽，又要替下屬向上爭取資源。

這一年你可能經常出差、加班或應酬，或需要處理夜間/跨時區的業務。辛苦，但會有相應的收穫。

?? 給一般員工/基層 

你的工作內容可能偏向幕後支援、行政庶務、客戶服務，或需要大量溝通的工作。

只要你肯做，努力一定會被看見。這一年適合「吃虧就是占便宜」，多做一點，考績會比預期好。雖然你默默付出，但在適當時機(例如開會)要懂得**「匯報」**，把你的努力表達出來。

職場上難免有流言蜚語。只要你行得正、坐得直，這些謠言傷不了你。不要強出頭爭第一，只要成為解決問題的人,反而能獲得實質利益。

這一年你也可能經常出差、加班或應酬，或需要處理夜間/跨時區的業務。但也會有相應的累積與收穫。

行事準則：
不計較，不搶風頭，默默做事，累積口碑，這就是為自己的未來鋪路。
或許辛苦，或許忙碌，但請記得：所有的付出，日後都會轉化成豐盛的能量回饋給你。
","**你的財運金句：「和氣生財，隨遇而安。對人慷慨，財富也會流動回自己身上。」**

你可能感到焦慮不安，但其實賺錢機會不少，錢會持續進來。財運極佳，無心插柳柳成蔭，會有意想不到的收入突然出現，可能是中獎、長輩餽贈、被動收入，或因為人脈與興趣而賺到的錢。

今年你適合透過人際關係賺錢：朋友介紹、客戶轉介、口才溝通與專業服務。顧問、仲介或替人解決問題的工作都很適合你，財運往往伴隨著愉快的人際互動而來。

此外，買彩券、投資穩健配息的基金也是不錯的選擇——你這一年的偏財運值得期待。

**但要注意:**賺錢雖然輕鬆,流動速度也快,容易「左手進、右手出」。與其焦慮存不住錢，不如將資金轉化為**「體驗」與「成長」**。去旅遊、去進修、去享受生活，這些花費將轉化為你內在的底氣，是長遠來看最棒的投資。","**你的健康金句：「就算是機器也需要暫停保養，記得給自己一些休息時間。」。**

今年在身體上有「消耗」的象，注意過度操勞，甚至是一種「精神內耗」。

比較虛弱的部分是消化與內分泌系統，也要注意呼吸道問題或慢性過敏。

常見的健康症狀有失眠、頭痛、腸胃敏感、脹氣、胃酸、血醣、肩頸僵硬，還有口腔、咽喉與支氣管等問題。

健康良方：
? 盡量規律生活
? 身心放鬆很重要（靜心、瑜伽都很適合）
? 多看大自然景色、不要長期盯著螢幕
? 多喝水、不要久坐","?? 需注意的月份 
農曆四月（癸巳月）：

這是人際關係的地雷區。容易跟朋友翻臉、被誤會或借錢不還。也容易有爛桃花糾纏。建議把你的錢包看緊，閒事莫管。

農曆十月（己亥月）：

暗箭難防，這個月容易遇到小人，或者因為「幫人出頭」而惹禍上身。建議明哲保身，凡事別計較，別看太重。

? 較佳的月份
農曆七月（丙申月）：

順遂的一個月！心情好，運氣好，財運好。非常適合度假、享受美食，或者進行投資理財的佈局。

農曆十一月（庚子月）：

你的腦袋最靈活清晰、執行力最強的時候。適合出差、談判、規劃未來的藍圖。","口才, 是非, 學習",,,,,,,,,,,,,,,,,,,
天梁,,老成穩重，博學多聞,85,做好該做的，不爭不計較，一切會越來越好。,"今年流年命宮落在天梁星。這是慢慢好起來的一年，貴人變多、壓力變小、方向變清晰，你也變得更成熟、更穩定。非常適合累積實力、整理思緒、養成習慣、調整人生方向。

你會成為團隊的「定海神針」，大家遇到困難都會來找你解決，而你也真的有能力幫他們搞定。這一年你可能會遇到一些麻煩事(例如接手爛攤子)，**但別怕，你一定能解決。**解決後，你的評價與名望會更上一層樓。

2026年的工作會相對順利，與客戶、同事互動良好，主要是你的心態轉變，不想爭、不想鬥、不想計較，能夠成熟地面對責任。

今年你的氣勢強、運氣也不錯，但要留意別人的暗箭，尤其是來自「自己人」的麻煩，例如資深同事、上司，甚至是父母。

凡是需要簽字的文件，務必請專業人士(律師/法務)審閱後再簽署。同時，照顧好自己與父母的身體健康，要注意行車安全。這一年千萬別鑽法律漏洞，報稅、開車都要規規矩矩，否則容易被開單罰款。","**你的感情金句:「真正的愛，是無論再多爭執，都有一個理由繼續下去。」**

今年在感情上呈現出「成熟、穩定、理性」的能量。你看待關係的眼光變得挑剔且務實，防衛心較重。與其追求轟轟烈烈的浪漫，你更在意對方是否能成為合格的「人生隊友」。

?? 給單身者：

想法理性冷靜，寧缺勿濫，不容易踏入關係。

緣分呈現**「隱晦」與「慢熱」**的特質。你可能會遇到年紀小或是比較孩子氣的人，或是觀察力敏銳、口才好、甚至有點神祕感的對象。然而，理性的你往往覺得對方「不夠穩重」，因此躊躇不前。建議放慢腳步，多給彼此一些觀察時間。

?? 給有伴者：

你們會一起處理生活中的重要議題，像是工作、家人、搬遷、金錢規劃。

但也容易因為觀念不同或無心的話語而陷入冷戰。你的「關心」常被解讀為「控制」。你認為是「教導」，對方卻覺得是「壓力」。

學會「睜一隻眼、閉一隻眼」，多聽少說，別講大道理，多些關心、多些溝通。如此一來，伴侶會更依賴你、信任你。

你今年的感情是「修補型」，那些吵過、累過的關係，你反而更願意承擔、照顧對方。彼此變得務實，不再鑽牛角尖，2026年反而會更穩定。","**你的事業金句：「不必拚命追趕，當你準備好了，機會自然會來找你。」**

你不需要像以前那樣拚死拚活，機會自然會來找你。今年的事業充滿了「輕鬆、穩定、和諧」的能量。機會將自然來到身邊，你只需順水推舟，便能穩健提升，獲得眾人的信任與資源。

?? 給老闆/創業者

公司氣氛和諧，這一年適合走「親民路線」。對員工好一點，他們也會努力回報你，可以實現「無為而治，坐享其成」。

貴人運不錯，很適合多參與社交活動、拓展人際關係，許多機會會自然找上門。你有機會成為別人的顧問、合作對象或幕後智囊。

**特別提醒：如果你推出的產品/服務與「享受」、「娛樂」、「年輕人/孩童市場」**有關，應該會非常賺錢。

?? 給主管/中高階管理層 

你會被視為公司的穩定力量。管理風格可以寬鬆一些，下屬會很喜歡跟你共事，並且替你做出成績。

你也可能接手一個**「資源豐富」或「壓力較小」**的部門。部門依賴你，上級主管也更信任你，甚至有升職或權責擴張的跡象。

今年適合培養人才、訓練部屬、建立制度。善用你的能力與人緣去協調跨部門合作，成功率極高。

?? 給一般員工/基層 

這一年工作運極佳，你容易被看見，可能會有加薪、獎金變多、或是福利變好的好事發生。

貴人運旺盛。別整天板著臉，多帶著笑容，多跟同事交流。主管會帶領你、提攜你，遇到問題會有人願意教你、幫你。今年也適合考證照、進修、加強專業技能。

事業未必會有突破性的爆發，會非常安穩、順利，呈現穩定成長的狀態。


行事準則：
多參與必要的社交，「人和」是你今年事業的開運良方。
雖然工作順利，仍要保持競爭力，別過於鬆懈，才能持續成長。

","**你的財運金句：「財富，來自智慧的運用，而非靠運氣的賭注。」**

你在2026年的財富能量是「智慧」、「流動」和「積極」。

這一年你的錢財進出會變快，而且多半是靠「腦子」賺來的，可能是顧問費、策略規劃、短期投資、技術變現，或者同時操作好幾個項目。

你心思活躍，甚至有些投機傾向。雖然賺得多，但花得也兇。**建議你相信自己的直覺與分析，做短線佈局，或投資需要技術含量的領域。**當然，前提是你要具備相關的理財與產業知識。

如果你從事貿易、代購、專業技術、顧問類工作，這一年的發展會很好。另外，今年也適合發展副業、嘗試斜槓經營。

朋友可能會來找你投資、借錢，或慫恿你玩高風險的槓桿操作。絕對不要借錢給朋友，也不要跟朋友合夥！

此外，雖然財運好，但要小心因為簽錯合約、擔保問題或稅務罰單而破財。","
**你的健康金句：「身體是一切的根本，安全與規律是今年最好的養生。」**

今年非常容易發生車禍、跌倒骨折、意外受傷，或者是因為發炎、急症而必須動手術。

此外，腸胃、消化系統較為敏感，也容易出現肩頸痠痛，或因過度操心、精神緊繃而導致肝火旺盛。

健康良方：
? 盡量規律生活，多補水。
? 開車騎車絕對不搶快、不闖紅燈。
? 走路不要滑手機，留意周遭環境。
?盡量避免去危險的地方（如工地、險峻高山）。
? 千萬不要暴飲暴食、多吃清淡的食物。

","?? 需注意的月份 
農曆六月（乙未月）：

這是全年度最凶險的月份，血光之災、手術風險、長輩健康問題的機率達到最高峰。禁危險活動，請務必低調，凡事以「平安」為最高原則。

農曆十二月（辛丑月）：

身體抵抗力下降，易因腸胃急症或意外受傷而進出醫院。請放慢節奏，養精蓄銳。

農曆三月（壬辰月）：

人際關係的震盪期，易與伴侶或夥伴發生激烈爭吵。少說多聽，忍一時風平浪靜。

? 較佳的月份
農曆九月（戊戌月）：

工作順遂、心情愉悅。 這是適合「談大案子」的最佳時機，也是安排旅遊犒賞自己的好月份。

農曆正月（庚寅月）：

年財運旺盛，理財直覺敏銳。 適合進行年度財務規劃，佈局整年的財富藍圖。
","成熟,固執,博學",,,,,,,,,,,,,,,,,,,
七殺,,寶劍出鞘，單槍匹馬,75,即使是孤獨的戰士，也能帶著溫柔與安穩的心前進。,"你的流年命宮落在七殺星。2026年，你的執行力、魄力、權力慾望都會達到頂峰。你會覺得有些事「非我不可」，而且說做就做，完全無法忍受拖延。

這一年你會感到明顯的孤獨，很難依靠別人，甚至覺得身邊的人都跟不上你的節奏，自己像個孤獨的戰士。做事速度變快，不想再被拖累，想離開卡住的環境，想換跑道、換合作對象、換社交圈。

內心極度焦慮，容易鑽牛角尖，甚至有**「自我囚禁」**的感覺。你可能會失眠、多疑，覺得全世界都不了解你。這種情緒狀態可能導致錯誤判斷，或被不良嗜好(如酗酒、賭博、沉迷遊戲)困住。

今年的你脾氣會變強勢，切勿因一時衝動而做決定。容易過度操勞、過度承擔，保持穩定的節奏，不要拼過頭，是今年最重要的功課。","**你的感情金句:「真正的愛，不是征服彼此，而是並肩作戰。」**

你今年的感情有點「快狠準」，不拖泥帶水。你非常清楚自己的需求，不合的人會自動淡去，這是一種**「非黑即白」**的狀態，喜歡或不喜歡，結果很快就會揭曉。

?? 給單身者：

你會喜歡那種有地位、有能力、長相體面的對象(甚至是老闆級人物)。2026年確實有機會遇到這種「優質股」，但對方可能比較強勢，屬於成熟、氣場強烈或個性鮮明的類型，不太好接近。你也要想清楚，自己能否接受被「管理」。

如果你想脫單，建議放下身段，把你的盔甲脫掉，打扮要體面，因為對方可能在意品味與質感。

?? 給有伴者：

若關係穩定，你們會一起面對重大的計畫（搬家、轉職、共同事業）。若關係本來就不好，很可能會做出「大決定」。

2026年會是你們「相愛相殺」的一年。平常可能沒事，一旦吵架就是**「政變」**等級。

誰也不服誰，你覺得他管太寬，他覺得你太衝動。你會想把問題一口氣解決，對關係的忍耐度下降，加上你容易煩躁焦慮，會因為一點小事就跟對方翻臉。

對方可能會選擇用「冷暴力」，對你來說是很難接受，反而會造成更多不愉快。

另外，今年易受伴侶連累，要留意對方因為**「作保」、「投資失利」或「違法情事」**的風險。

既然今年你們容易「硬踫硬」，建議在外面給足他面子，回家再慢慢溝通。千萬不要在公開場合爭吵，日子會好過很多。果對方真的遇到困難，共同解決問題，幫他扛下來，他會一輩子感激你。



","**你的事業金句：「真正的成長，往往始於打破舒適圈的那一刻。」**

2026 年，你絕對無法安於現狀。這是一股渴望**「改變」**的強大能量。 無論是創業、轉職或內部改革，過程註定是混亂且艱辛的。你必須有心理準備：要建立新秩序，必先打破舊規矩。得罪人是改革的成本，但只要方向正確，這將是你建立全新根基的起點。


?? 給老闆/創業者

你這一年**「不想守成，想要創造」**。你可能會裁撤舊部門、進軍新市場、或者大改公司制度，也有機會得到對手搶不到的機會。

但要小心**「決策失誤」**。你今年有強烈的競爭心態， 不要怕變動,，*變動就是你的機會。**但別太拼命，或是別太無情，改革需要魄力，但更需要**「冷靜」。要做好全面評估，切勿因一時賭氣或情緒衝動而做出玉石俱焚**的決策。

?? 給主管/中高階管理層 

上級更看重你，公司哪裡有火，你就會被派去哪裡。你這一年是**「救火隊長」**。容易被賦予新的職責或升職，任務通常很艱鉅，需要大刀闊斧的改革。

雖然很累，但這是立戰功的好機會。不過要注意「人和」，對下屬要求太高，做事太衝，容易得罪人。


?? 給一般員工/基層 

你會覺得現在的工作很無聊，或者公司環境讓你很受不了。2026 年你有極高的機率會換工作、轉行、或者被調單位、接新任務。

如果想換工作，建議騎驢找馬，確認有好的職位再離職，對自己比較有保障。

變動，即使一開始不舒服，但都會是往上成長。","**你的財運金句：「慾望是致富的燃料，貪婪是破財的導火線。」**

2026 年，你對財富的渴望將達到頂峰。這是一段**「主動出擊」的時期，收入來源高度多元化。 憑藉著高超的談判技巧與社交魅力，你有機會在交際應酬、副業投資，甚至透過「異性財」**（桃花人緣）獲得高額報酬。

水能載舟，亦能覆舟。你的風險在於**「貪」與「衝動」**。切勿聽信小道消息，或因受不了高獲利的誘惑而盲目進場。今年極易遇到詐騙或因誤判導致血本無歸。絕對不要碰觸灰色地帶的錢財，以免因小失大。

今年嚴禁**「賭博」與「高槓桿投資」。 對付衝動消費的唯一解方，是將現金轉化成資產**。一旦獲利，請立即轉入房貸、存股或定存，切斷亂花錢的後路。","**你的健康金句：「情緒的風暴，是身體的警報。心靜，身才穩。」**

內分泌與自律神經較為脆弱。 情緒容易在亢奮與憂鬱之間擺盪，導致失眠、偏頭痛、焦慮與神經衰弱的機率大增。心理的混亂，將直接影響生理的健康。

身體常處於「高壓」狀態，需特別留意防範高血壓、心律不整或心悸，避免眼壓過高導致的病變。

健康良方：
? 睡覺：保持規律睡眠。運動以「舒緩」為主，避免過度激烈的運動增加心臟負擔。
? 少用眼： 請減少螢幕時間，多接觸大自然，讓視覺神經放鬆。
? 情緒排毒： 尋求心理諮商、宗教寄託或冥想，為情緒找到安放的錨點。
","?? 需注意的月份 
農曆七月（丙申月）：

精神壓力最大、最易崩潰的月份，也是破大財的高峰期。 建議凍結投資，不做任何重大決策；嚴格遵守交通規則，不開快車。

農曆正月（庚寅月）：

開春易有財務焦慮。需慎防因**貪玩、貪杯（飲酒）**而惹禍上身。

農曆三月（壬辰月）：

易遭上司或伴侶強力壓制，衝突一觸即發。忍一時風平浪靜，避免正面對決。

? 較佳的月份
農曆五月（甲午月）：

絕對主場 執行力爆棚，勢不可擋。 適合衝刺業績、挑戰艱鉅任務，展現你的魄力。

農曆十月（己亥月）：

身心療癒 最放鬆的月份，朋友運佳。 建議多安排聚會，用吃喝玩樂來緩解整年的焦慮。

農曆二月（辛卯月）：

規劃落地 計畫最易落實。適合進行詳細規劃，並善用晚輩或下屬的助力來解決問題。","剛毅, 堅定, 強勢",,,,,,,,,,,,,,,,,,,
破軍,,有夢最美，大破大立,70,打破現狀、掙脫束縛，給自己紮根的時間，總有開花結果的時候。,"今年的流年命宮落在破軍星。你這一年能量變強，非常渴望「改變」，需要做出更多決斷。生活、工作、關係結構全面重組，想換工作、想搬家、想創業、想把舊的東西全部砸爛重來，轉換生活節奏。

既然想改變，請順應這股能量，考慮清楚就去嘗試吧，不然只會陷入內耗的困境。

2026年，你會漸漸看懂「自己真正想要的」，也會慢慢長出勇氣，斬斷那些早就不想再背負的責任。這場重整的洗禮中，你或許會很忙、很亂，但將為你創造出全新的生命格局。

這一年最容易出現問題的是**「各種關係」**。容易面臨變動、糾紛與衝突，會大量消耗你的心力。另外，外出請提高警覺，嚴防交通意外與罰單，**「慢」**是你保平安的關鍵。

","**你的感情金句:「真正適合的人，值得等待;不適合的關係，勇敢放手。」**

這一年你的心思都在衝事業，或是在重塑生活方式，對於戀愛未必積極。假使有適合的對象，你傾向速戰速決，不會想花心力在曖昧不明的關係裡。若處在讓自己不舒服的關係中，今年會出現斷開的動力。

?? 給單身者：

這一年桃花不算強，對於戀愛不積極，除非對方非常符合自己的標準，否則你懶得理。

假使有遇到的對象，多半比較務實、嚴肅、剛毅木訥，甚至有點冷酷的類型。今年尋找緣分的最佳途徑是透過交友圈認識或親友介紹。如果是網路交友或聯誼活動要小心，容易遇到「爛桃花」，比如性格偏激、有伴侶，或有債務糾紛的對象。

反正你今年的主軸放在「夢想」，等有適合的人出現再來考慮感情。花若盛開，蝴蝶自來。

?? 給有伴者：

今年你們的相處屬於「冷冰冰」或「硬梆梆」。溝通會有各種摩擦，會把不滿攤開，對未來方向產生衝突。你可能忍不住想吵架，對方卻冷著臉不理你。

在生活上，會特別容易為了錢不開心，可能是消費模式，也許是借貸問題。如果你們經常分隔兩地，這一年很容易因為**「猜忌」或「外面的誘惑」**而導致關係生變。

如果關係健康，今年彼此會更深入理解、更坦誠，可以一起做出重大決定。如果關係本來就脆弱，容易走向分手、冷卻、或關係模式重組。","**你的事業金句：「突破後的成功，來自深思熟慮後的果斷行動。」**

今年你不再甘於現狀，野心勃勃，衝勁十足，雖然感受到環境的限制，還是想要突破，會想展開新企劃或轉換跑道。**但建議先評估風險，不要鑽法律漏洞，容易出事。**面對變動與競爭，上半年會相對辛苦，待調整節奏後，下半年會越來越好。

?? 給老闆/創業者

有些人原本有團隊改組或商業模式調整的想法，會在今年落實。

你會有嶄新的構想，或是想透過不同管道擴張事業。手段會變得很靈活，甚至帶點**「投機」**色彩。也會想借助人脈資源，因此可能有更多交際應酬，認識不同圈子的人，但這些人未必能對你的事業有實質幫助，要慎選合作對象。

有些人甚至為了更多收入選擇走灰色地帶來獲取利潤，風險極高。今年很容易被告或被罰款，要特別小心，別為了擴張而犯錯。

你可以考慮整合，找不同領域的人跨界合作，比單打獨鬥強。你可以趁今年的能量將效益過低的項目砍掉，把產品與服務重新佈局，剛開始會有陣痛期，不過只要做好評估與準備，下半年就能起飛。

今年的人事是最大考題，不適任者需果斷處理。

?? 給主管/中高階管理層 

會是「績效要求高、壓力大、但戰功好」的一年。可能需要承擔更多責任，或帶新團隊、做新專案，不管有沒有升遷，管理職能都會被迫提升。

公司會把最複雜、最需要「喬」的事情交給你，像是搞定難纏的客戶、處理跨部門的鬥爭、對外公關，或與其他品牌合作。總之，你今年特別需要處理「人」的問題，需要去應酬、談判、搞定複雜的人際關係。

另外，你會感受到競爭壓力，也許發現公司人才輩出或有業績競賽，可能是有人覬覦你的位子，或同業的攻勢很猛烈。

記得要潔身自愛，一旦涉入回扣或醜聞，很容易就會爆開。

?? 給一般員工/基層 

2026年是變動的時候，你會特別有感。不是跳槽，就是被調部門，不然就是被賦予全新或更艱難的任務。

如果有薪水更高或更有趣的工作機會(特別是娛樂、業務、美業)，你會毫不猶豫地跳槽。

你可能會覺得原本的工作很無聊，限制了你的才華。你會花很多上班時間搞自己的私事、看股票，或經營副業。這一年非常適合發展**「第二專長」**，開啟斜槓人生，比如下班接案、做代購、經營自媒體。副業的收入甚至可能超過本業，這樣你會更有理由離職了。

有時間就去學新知識、技能，增加你的職場競爭力。無論學習什麼,日後都會成為你的養分。

**今年在簽訂合約或處理法律文件時,極容易出包。**如果是公務員或在大企業任職，要特別小心行政疏失被究責。","**你的財運金句:「財富青睞勇敢的人，但也會考驗謹慎的智慧。」**

2026年你的現金流變動大、不穩定，敢衝敢賭，但起伏中有突破機會。收入模式通常是流動快、需勞心勞力，不輕鬆，多半是靠業績、搶單、高風險投資賺來的。適合斜槓、跨領域合作、企劃、接案等模式賺錢。

建議要評估財務結構，不要過度冒險，減少高槓桿投資。

今年容易發生**「意外破財」**，像是修車、付醫藥費、繳罰單、賠償金，或突然性支出如採買設備、學習技能、搬家等。

你這一年花錢大手大腳，建議把錢用在升級生財工具或學習關鍵技能上，這對你改變現況、創造新人生會有實質助力。
","**你的健康金句：「正坐端行保安康，行善積福化血光。」**

今年最需留意的是脊椎問題與骨骼較脆弱，久坐姿勢不良、運動傷害，甚至意外碰撞，都可能導致腰痠背痛或脊椎受傷。

消化系統方面，容易出現胃脹氣、消化不良的困擾，加上肝火旺盛，情緒與生理相互影響，需要特別調理。

此外，請高度警戒車禍、骨折、跌倒或利器割傷。這一年容易有「動刀」的運勢，可能是意外受傷，也可能是必要的手術治療。

健康良方：
?絕對禁止酒駕、飆車、闖紅燈等危險駕駛。
?避免去玩高風險運動（跳傘、潛水）。
?站立、坐臥都要保持正確姿勢，減輕脊椎負擔。
?定期洗牙、捐血、捐款，主動見紅，行善積福。
","?? 需注意的月份 
農曆十一月（庚子月）：

這是全年度的「危機高峰期」，車禍、官司、詐騙三重風險齊聚。此月宜靜不宜動，切勿出遠門、簽約或投資。古人說「留得青山在」，這個月請收斂鋒芒，以靜制動，讓風波自行過去。

農曆五月（甲午月）：

火氣最旺、心緒最亂的時期。內心對現狀的不滿會達到頂點，極易做出衝動離職、分手或重大決策，事後十之八九後悔。此時最需要的是「緩一緩」，任何重要決定都請再三思考。

? 較佳的月份
農曆二月（辛卯月）：

財運與心情皆佳，是緊繃一年中難得的綠洲。適合社交聚會，或進行小額投資，能有不錯收穫。

農曆八月（丁酉月）：

心境最平和的月份。適合整理居家環境、享受生活節奏，或是犒賞辛苦了大半年的自己，買件喜歡的東西、吃頓好料,讓身心都好好休息。","浪漫, 夢想, 破耗",,,,,,,,,,,,,,,,,,,
,,,,,,,,,,,"破財,情緒,保守",,,,,,,,,,,,,,,,,,,
,,,,,,,,,,,,,,,,,,,,,,,,,,,,,,
,,,,,,,,,,,,,,,,,,,,,,,,,,,,,,
,,,,,,,,,,,,,,,,,,,,,,,,,,,,,,
,,,,,,,,,,,,,,,,,,,,,,,,,,,,,,
,,,,,,,,,,,,,,,,,,,,,,,,,,,,,,
,,,,,,,,,,,,,,,,,,,,,,,,,,,,,,
,,,,,,,,,,,,,,,,,,,,,,,,,,,,,,
,,,,,,,,,,,,,,,,,,,,,,,,,,,,,,
,,,,,,,,,,,,,,,,,,,,,,,,,,,,,,
,,,,,,,,,,,,,,,,,,,,,,,,,,,,,,
,,,,,,,,,,,,,,,,,,,,,,,,,,,,,,
,,,,,,,,,,,,,,,,,,,,,,,,,,,,,,
,,,,,,,,,,,,,,,,,,,,,,,,,,,,,,
,,,,,,,,,,,,,,,,,,,,,,,,,,,,,,
,,,,,,,,,,,,,,,,,,,,,,,,,,,,,,
,,,,,,,,,,,,,,,,,,,,,,,,,,,,,,
,,,,,,,,,,,,,,,,,,,,,,,,,,,,,,
,,,,,,,,,,,,,,,,,,,,,,,,,,,,,,
,,,,,,,,,,,,,,,,,,,,,,,,,,,,,,
,,,,,,,,,,,,,,,,,,,,,,,,,,,,,,
,,,,,,,,,,,,,,,,,,,,,,,,,,,,,,
,,,,,,,,,,,,,,,,,,,,,,,,,,,,,,
,,,,,,,,,,,,,,,,,,,,,,,,,,,,,,
,,,,,,,,,,,,,,,,,,,,,,,,,,,,,,
,,,,,,,,,,,,,,,,,,,,,,,,,,,,,,
,,,,,,,,,,,,,,,,,,,,,,,,,,,,,,
,,,,,,,,,,,,,,,,,,,,,,,,,,,,,,
,,,,,,,,,,,,,,,,,,,,,,,,,,,,,,
,,,,,,,,,,,,,,,,,,,,,,,,,,,,,,
,,,,,,,,,,,,,,,,,,,,,,,,,,,,,,
,,,,,,,,,,,,,,,,,,,,,,,,,,,,,,
,,,,,,,,,,,,,,,,,,,,,,,,,,,,,,
,,,,,,,,,,,,,,,,,,,,,,,,,,,,,,
,,,,,,,,,,,,,,,,,,,,,,,,,,,,,,
,,,,,,,,,,,,,,,,,,,,,,,,,,,,,,
,,,,,,,,,,,,,,,,,,,,,,,,,,,,,,
,,,,,,,,,,,,,,,,,,,,,,,,,,,,,,
,,,,,,,,,,,,,,,,,,,,,,,,,,,,,,
,,,,,,,,,,,,,,,,,,,,,,,,,,,,,,
,,,,,,,,,,,,,,,,,,,,,,,,,,,,,,
,,,,,,,,,,,,,,,,,,,,,,,,,,,,,,
,,,,,,,,,,,,,,,,,,,,,,,,,,,,,,
,,,,,,,,,,,,,,,,,,,,,,,,,,,,,,
,,,,,,,,,,,,,,,,,,,,,,,,,,,,,,
,,,,,,,,,,,,,,,,,,,,,,,,,,,,,,
,,,,,,,,,,,,,,,,,,,,,,,,,,,,,,
,,,,,,,,,,,,,,,,,,,,,,,,,,,,,,
,,,,,,,,,,,,,,,,,,,,,,,,,,,,,,
,,,,,,,,,,,,,,,,,,,,,,,,,,,,,,
,,,,,,,,,,,,,,,,,,,,,,,,,,,,,,
,,,,,,,,,,,,,,,,,,,,,,,,,,,,,,
,,,,,,,,,,,,,,,,,,,,,,,,,,,,,,
,,,,,,,,,,,,,,,,,,,,,,,,,,,,,,
,,,,,,,,,,,,,,,,,,,,,,,,,,,,,,
,,,,,,,,,,,,,,,,,,,,,,,,,,,,,,
,,,,,,,,,,,,,,,,,,,,,,,,,,,,,,
,,,,,,,,,,,,,,,,,,,,,,,,,,,,,,
,,,,,,,,,,,,,,,,,,,,,,,,,,,,,,
,,,,,,,,,,,,,,,,,,,,,,,,,,,,,,
,,,,,,,,,,,,,,,,,,,,,,,,,,,,,,
,,,,,,,,,,,,,,,,,,,,,,,,,,,,,,
,,,,,,,,,,,,,,,,,,,,,,,,,,,,,,
,,,,,,,,,,,,,,,,,,,,,,,,,,,,,,
,,,,,,,,,,,,,,,,,,,,,,,,,,,,,,
,,,,,,,,,,,,,,,,,,,,,,,,,,,,,,
,,,,,,,,,,,,,,,,,,,,,,,,,,,,,,
,,,,,,,,,,,,,,,,,,,,,,,,,,,,,,
,,,,,,,,,,,,,,,,,,,,,,,,,,,,,,
,,,,,,,,,,,,,,,,,,,,,,,,,,,,,,
,,,,,,,,,,,,,,,,,,,,,,,,,,,,,,
,,,,,,,,,,,,,,,,,,,,,,,,,,,,,,
,,,,,,,,,,,,,,,,,,,,,,,,,,,,,,
,,,,,,,,,,,,,,,,,,,,,,,,,,,,,,
,,,,,,,,,,,,,,,,,,,,,,,,,,,,,,
,,,,,,,,,,,,,,,,,,,,,,,,,,,,,,
,,,,,,,,,,,,,,,,,,,,,,,,,,,,,,
,,,,,,,,,,,,,,,,,,,,,,,,,,,,,,
,,,,,,,,,,,,,,,,,,,,,,,,,,,,,,
,,,,,,,,,,,,,,,,,,,,,,,,,,,,,,
,,,,,,,,,,,,,,,,,,,,,,,,,,,,,,
,,,,,,,,,,,,,,,,,,,,,,,,,,,,,,
,,,,,,,,,,,,,,,,,,,,,,,,,,,,,,
,,,,,,,,,,,,,,,,,,,,,,,,,,,,,,
,,,,,,,,,,,,,,,,,,,,,,,,,,,,,,
,,,,,,,,,,,,,,,,,,,,,,,,,,,,,,
,,,,,,,,,,,,,,,,,,,,,,,,,,,,,,
,,,,,,,,,,,,,,,,,,,,,,,,,,,,,,
,,,,,,,,,,,,,,,,,,,,,,,,,,,,,,
,,,,,,,,,,,,,,,,,,,,,,,,,,,,,,
,,,,,,,,,,,,,,,,,,,,,,,,,,,,,,
,,,,,,,,,,,,,,,,,,,,,,,,,,,,,,
,,,,,,,,,,,,,,,,,,,,,,,,,,,,,,
,,,,,,,,,,,,,,,,,,,,,,,,,,,,,,
,,,,,,,,,,,,,,,,,,,,,,,,,,,,,,
,,,,,,,,,,,,,,,,,,,,,,,,,,,,,,
,,,,,,,,,,,,,,,,,,,,,,,,,,,,,,
,,,,,,,,,,,,,,,,,,,,,,,,,,,,,,
,,,,,,,,,,,,,,,,,,,,,,,,,,,,,,
,,,,,,,,,,,,,,,,,,,,,,,,,,,,,,
,,,,,,,,,,,,,,,,,,,,,,,,,,,,,,
,,,,,,,,,,,,,,,,,,,,,,,,,,,,,,
,,,,,,,,,,,,,,,,,,,,,,,,,,,,,,
,,,,,,,,,,,,,,,,,,,,,,,,,,,,,,
,,,,,,,,,,,,,,,,,,,,,,,,,,,,,,
,,,,,,,,,,,,,,,,,,,,,,,,,,,,,,
,,,,,,,,,,,,,,,,,,,,,,,,,,,,,,
,,,,,,,,,,,,,,,,,,,,,,,,,,,,,,
,,,,,,,,,,,,,,,,,,,,,,,,,,,,,,
,,,,,,,,,,,,,,,,,,,,,,,,,,,,,,
,,,,,,,,,,,,,,,,,,,,,,,,,,,,,,
,,,,,,,,,,,,,,,,,,,,,,,,,,,,,,
,,,,,,,,,,,,,,,,,,,,,,,,,,,,,,
,,,,,,,,,,,,,,,,,,,,,,,,,,,,,,
,,,,,,,,,,,,,,,,,,,,,,,,,,,,,,
,,,,,,,,,,,,,,,,,,,,,,,,,,,,,,
,,,,,,,,,,,,,,,,,,,,,,,,,,,,,,
,,,,,,,,,,,,,,,,,,,,,,,,,,,,,,
,,,,,,,,,,,,,,,,,,,,,,,,,,,,,,
,,,,,,,,,,,,,,,,,,,,,,,,,,,,,,
,,,,,,,,,,,,,,,,,,,,,,,,,,,,,,
,,,,,,,,,,,,,,,,,,,,,,,,,,,,,,
,,,,,,,,,,,,,,,,,,,,,,,,,,,,,,
,,,,,,,,,,,,,,,,,,,,,,,,,,,,,,
,,,,,,,,,,,,,,,,,,,,,,,,,,,,,,
,,,,,,,,,,,,,,,,,,,,,,,,,,,,,,
,,,,,,,,,,,,,,,,,,,,,,,,,,,,,,
,,,,,,,,,,,,,,,,,,,,,,,,,,,,,,
,,,,,,,,,,,,,,,,,,,,,,,,,,,,,,
,,,,,,,,,,,,,,,,,,,,,,,,,,,,,,
,,,,,,,,,,,,,,,,,,,,,,,,,,,,,,
,,,,,,,,,,,,,,,,,,,,,,,,,,,,,,
,,,,,,,,,,,,,,,,,,,,,,,,,,,,,,
,,,,,,,,,,,,,,,,,,,,,,,,,,,,,,
,,,,,,,,,,,,,,,,,,,,,,,,,,,,,,
,,,,,,,,,,,,,,,,,,,,,,,,,,,,,,
,,,,,,,,,,,,,,,,,,,,,,,,,,,,,,
,,,,,,,,,,,,,,,,,,,,,,,,,,,,,,
,,,,,,,,,,,,,,,,,,,,,,,,,,,,,,
,,,,,,,,,,,,,,,,,,,,,,,,,,,,,,
,,,,,,,,,,,,,,,,,,,,,,,,,,,,,,
,,,,,,,,,,,,,,,,,,,,,,,,,,,,,,
,,,,,,,,,,,,,,,,,,,,,,,,,,,,,,
,,,,,,,,,,,,,,,,,,,,,,,,,,,,,,
,,,,,,,,,,,,,,,,,,,,,,,,,,,,,,
,,,,,,,,,,,,,,,,,,,,,,,,,,,,,,
,,,,,,,,,,,,,,,,,,,,,,,,,,,,,,
,,,,,,,,,,,,,,,,,,,,,,,,,,,,,,
,,,,,,,,,,,,,,,,,,,,,,,,,,,,,,
,,,,,,,,,,,,,,,,,,,,,,,,,,,,,,
,,,,,,,,,,,,,,,,,,,,,,,,,,,,,,
,,,,,,,,,,,,,,,,,,,,,,,,,,,,,,
,,,,,,,,,,,,,,,,,,,,,,,,,,,,,,
,,,,,,,,,,,,,,,,,,,,,,,,,,,,,,
,,,,,,,,,,,,,,,,,,,,,,,,,,,,,,
,,,,,,,,,,,,,,,,,,,,,,,,,,,,,,
,,,,,,,,,,,,,,,,,,,,,,,,,,,,,,
,,,,,,,,,,,,,,,,,,,,,,,,,,,,,,
,,,,,,,,,,,,,,,,,,,,,,,,,,,,,,
,,,,,,,,,,,,,,,,,,,,,,,,,,,,,,
,,,,,,,,,,,,,,,,,,,,,,,,,,,,,,
,,,,,,,,,,,,,,,,,,,,,,,,,,,,,,
,,,,,,,,,,,,,,,,,,,,,,,,,,,,,,
,,,,,,,,,,,,,,,,,,,,,,,,,,,,,,
,,,,,,,,,,,,,,,,,,,,,,,,,,,,,,
,,,,,,,,,,,,,,,,,,,,,,,,,,,,,,
,,,,,,,,,,,,,,,,,,,,,,,,,,,,,,
,,,,,,,,,,,,,,,,,,,,,,,,,,,,,,
,,,,,,,,,,,,,,,,,,,,,,,,,,,,,,
,,,,,,,,,,,,,,,,,,,,,,,,,,,,,,
,,,,,,,,,,,,,,,,,,,,,,,,,,,,,,
,,,,,,,,,,,,,,,,,,,,,,,,,,,,,,
,,,,,,,,,,,,,,,,,,,,,,,,,,,,,,
,,,,,,,,,,,,,,,,,,,,,,,,,,,,,,
,,,,,,,,,,,,,,,,,,,,,,,,,,,,,,
,,,,,,,,,,,,,,,,,,,,,,,,,,,,,,
,,,,,,,,,,,,,,,,,,,,,,,,,,,,,,
,,,,,,,,,,,,,,,,,,,,,,,,,,,,,,
,,,,,,,,,,,,,,,,,,,,,,,,,,,,,,
,,,,,,,,,,,,,,,,,,,,,,,,,,,,,,
,,,,,,,,,,,,,,,,,,,,,,,,,,,,,,
,,,,,,,,,,,,,,,,,,,,,,,,,,,,,,
,,,,,,,,,,,,,,,,,,,,,,,,,,,,,,
,,,,,,,,,,,,,,,,,,,,,,,,,,,,,,
,,,,,,,,,,,,,,,,,,,,,,,,,,,,,,
,,,,,,,,,,,,,,,,,,,,,,,,,,,,,,
,,,,,,,,,,,,,,,,,,,,,,,,,,,,,,
,,,,,,,,,,,,,,,,,,,,,,,,,,,,,,
,,,,,,,,,,,,,,,,,,,,,,,,,,,,,,
,,,,,,,,,,,,,,,,,,,,,,,,,,,,,,
,,,,,,,,,,,,,,,,,,,,,,,,,,,,,,
,,,,,,,,,,,,,,,,,,,,,,,,,,,,,,
,,,,,,,,,,,,,,,,,,,,,,,,,,,,,,
,,,,,,,,,,,,,,,,,,,,,,,,,,,,,,
,,,,,,,,,,,,,,,,,,,,,,,,,,,,,,
,,,,,,,,,,,,,,,,,,,,,,,,,,,,,,
,,,,,,,,,,,,,,,,,,,,,,,,,,,,,,
,,,,,,,,,,,,,,,,,,,,,,,,,,,,,,
,,,,,,,,,,,,,,,,,,,,,,,,,,,,,,
,,,,,,,,,,,,,,,,,,,,,,,,,,,,,,
,,,,,,,,,,,,,,,,,,,,,,,,,,,,,,
,,,,,,,,,,,,,,,,,,,,,,,,,,,,,,
,,,,,,,,,,,,,,,,,,,,,,,,,,,,,,
,,,,,,,,,,,,,,,,,,,,,,,,,,,,,,
,,,,,,,,,,,,,,,,,,,,,,,,,,,,,,
,,,,,,,,,,,,,,,,,,,,,,,,,,,,,,
,,,,,,,,,,,,,,,,,,,,,,,,,,,,,,
,,,,,,,,,,,,,,,,,,,,,,,,,,,,,,
,,,,,,,,,,,,,,,,,,,,,,,,,,,,,,
,,,,,,,,,,,,,,,,,,,,,,,,,,,,,,
,,,,,,,,,,,,,,,,,,,,,,,,,,,,,,
,,,,,,,,,,,,,,,,,,,,,,,,,,,,,,
,,,,,,,,,,,,,,,,,,,,,,,,,,,,,,
,,,,,,,,,,,,,,,,,,,,,,,,,,,,,,
,,,,,,,,,,,,,,,,,,,,,,,,,,,,,,
,,,,,,,,,,,,,,,,,,,,,,,,,,,,,,
,,,,,,,,,,,,,,,,,,,,,,,,,,,,,,
,,,,,,,,,,,,,,,,,,,,,,,,,,,,,,
,,,,,,,,,,,,,,,,,,,,,,,,,,,,,,
,,,,,,,,,,,,,,,,,,,,,,,,,,,,,,
,,,,,,,,,,,,,,,,,,,,,,,,,,,,,,
,,,,,,,,,,,,,,,,,,,,,,,,,,,,,,
,,,,,,,,,,,,,,,,,,,,,,,,,,,,,,
,,,,,,,,,,,,,,,,,,,,,,,,,,,,,,
,,,,,,,,,,,,,,,,,,,,,,,,,,,,,,
,,,,,,,,,,,,,,,,,,,,,,,,,,,,,,
,,,,,,,,,,,,,,,,,,,,,,,,,,,,,,
,,,,,,,,,,,,,,,,,,,,,,,,,,,,,,
,,,,,,,,,,,,,,,,,,,,,,,,,,,,,,
,,,,,,,,,,,,,,,,,,,,,,,,,,,,,,
,,,,,,,,,,,,,,,,,,,,,,,,,,,,,,
,,,,,,,,,,,,,,,,,,,,,,,,,,,,,,
,,,,,,,,,,,,,,,,,,,,,,,,,,,,,,
,,,,,,,,,,,,,,,,,,,,,,,,,,,,,,
,,,,,,,,,,,,,,,,,,,,,,,,,,,,,,
,,,,,,,,,,,,,,,,,,,,,,,,,,,,,,
,,,,,,,,,,,,,,,,,,,,,,,,,,,,,,
,,,,,,,,,,,,,,,,,,,,,,,,,,,,,,
,,,,,,,,,,,,,,,,,,,,,,,,,,,,,,
,,,,,,,,,,,,,,,,,,,,,,,,,,,,,,
,,,,,,,,,,,,,,,,,,,,,,,,,,,,,,
,,,,,,,,,,,,,,,,,,,,,,,,,,,,,,
,,,,,,,,,,,,,,,,,,,,,,,,,,,,,,
,,,,,,,,,,,,,,,,,,,,,,,,,,,,,,
,,,,,,,,,,,,,,,,,,,,,,,,,,,,,,
,,,,,,,,,,,,,,,,,,,,,,,,,,,,,,
,,,,,,,,,,,,,,,,,,,,,,,,,,,,,,
,,,,,,,,,,,,,,,,,,,,,,,,,,,,,,
,,,,,,,,,,,,,,,,,,,,,,,,,,,,,,
,,,,,,,,,,,,,,,,,,,,,,,,,,,,,,
,,,,,,,,,,,,,,,,,,,,,,,,,,,,,,
,,,,,,,,,,,,,,,,,,,,,,,,,,,,,,
,,,,,,,,,,,,,,,,,,,,,,,,,,,,,,
,,,,,,,,,,,,,,,,,,,,,,,,,,,,,,
,,,,,,,,,,,,,,,,,,,,,,,,,,,,,,
,,,,,,,,,,,,,,,,,,,,,,,,,,,,,,
,,,,,,,,,,,,,,,,,,,,,,,,,,,,,,
,,,,,,,,,,,,,,,,,,,,,,,,,,,,,,
,,,,,,,,,,,,,,,,,,,,,,,,,,,,,,
,,,,,,,,,,,,,,,,,,,,,,,,,,,,,,
,,,,,,,,,,,,,,,,,,,,,,,,,,,,,,
,,,,,,,,,,,,,,,,,,,,,,,,,,,,,,
,,,,,,,,,,,,,,,,,,,,,,,,,,,,,,
,,,,,,,,,,,,,,,,,,,,,,,,,,,,,,
,,,,,,,,,,,,,,,,,,,,,,,,,,,,,,
,,,,,,,,,,,,,,,,,,,,,,,,,,,,,,
,,,,,,,,,,,,,,,,,,,,,,,,,,,,,,
,,,,,,,,,,,,,,,,,,,,,,,,,,,,,,
,,,,,,,,,,,,,,,,,,,,,,,,,,,,,,
,,,,,,,,,,,,,,,,,,,,,,,,,,,,,,
,,,,,,,,,,,,,,,,,,,,,,,,,,,,,,
,,,,,,,,,,,,,,,,,,,,,,,,,,,,,,
,,,,,,,,,,,,,,,,,,,,,,,,,,,,,,
,,,,,,,,,,,,,,,,,,,,,,,,,,,,,,
,,,,,,,,,,,,,,,,,,,,,,,,,,,,,,
,,,,,,,,,,,,,,,,,,,,,,,,,,,,,,
,,,,,,,,,,,,,,,,,,,,,,,,,,,,,,
,,,,,,,,,,,,,,,,,,,,,,,,,,,,,,
,,,,,,,,,,,,,,,,,,,,,,,,,,,,,,
,,,,,,,,,,,,,,,,,,,,,,,,,,,,,,
,,,,,,,,,,,,,,,,,,,,,,,,,,,,,,
,,,,,,,,,,,,,,,,,,,,,,,,,,,,,,
,,,,,,,,,,,,,,,,,,,,,,,,,,,,,,
,,,,,,,,,,,,,,,,,,,,,,,,,,,,,,
,,,,,,,,,,,,,,,,,,,,,,,,,,,,,,
,,,,,,,,,,,,,,,,,,,,,,,,,,,,,,
,,,,,,,,,,,,,,,,,,,,,,,,,,,,,,
,,,,,,,,,,,,,,,,,,,,,,,,,,,,,,
,,,,,,,,,,,,,,,,,,,,,,,,,,,,,,
,,,,,,,,,,,,,,,,,,,,,,,,,,,,,,
,,,,,,,,,,,,,,,,,,,,,,,,,,,,,,
,,,,,,,,,,,,,,,,,,,,,,,,,,,,,,
,,,,,,,,,,,,,,,,,,,,,,,,,,,,,,
,,,,,,,,,,,,,,,,,,,,,,,,,,,,,,
,,,,,,,,,,,,,,,,,,,,,,,,,,,,,,
,,,,,,,,,,,,,,,,,,,,,,,,,,,,,,
,,,,,,,,,,,,,,,,,,,,,,,,,,,,,,
,,,,,,,,,,,,,,,,,,,,,,,,,,,,,,
,,,,,,,,,,,,,,,,,,,,,,,,,,,,,,
,,,,,,,,,,,,,,,,,,,,,,,,,,,,,,
,,,,,,,,,,,,,,,,,,,,,,,,,,,,,,
,,,,,,,,,,,,,,,,,,,,,,,,,,,,,,
,,,,,,,,,,,,,,,,,,,,,,,,,,,,,,
,,,,,,,,,,,,,,,,,,,,,,,,,,,,,,
,,,,,,,,,,,,,,,,,,,,,,,,,,,,,,
,,,,,,,,,,,,,,,,,,,,,,,,,,,,,,
,,,,,,,,,,,,,,,,,,,,,,,,,,,,,,
,,,,,,,,,,,,,,,,,,,,,,,,,,,,,,
,,,,,,,,,,,,,,,,,,,,,,,,,,,,,,
,,,,,,,,,,,,,,,,,,,,,,,,,,,,,,
,,,,,,,,,,,,,,,,,,,,,,,,,,,,,,
,,,,,,,,,,,,,,,,,,,,,,,,,,,,,,
,,,,,,,,,,,,,,,,,,,,,,,,,,,,,,
,,,,,,,,,,,,,,,,,,,,,,,,,,,,,,
,,,,,,,,,,,,,,,,,,,,,,,,,,,,,,
,,,,,,,,,,,,,,,,,,,,,,,,,,,,,,
,,,,,,,,,,,,,,,,,,,,,,,,,,,,,,
,,,,,,,,,,,,,,,,,,,,,,,,,,,,,,
,,,,,,,,,,,,,,,,,,,,,,,,,,,,,,
,,,,,,,,,,,,,,,,,,,,,,,,,,,,,,
,,,,,,,,,,,,,,,,,,,,,,,,,,,,,,
,,,,,,,,,,,,,,,,,,,,,,,,,,,,,,
,,,,,,,,,,,,,,,,,,,,,,,,,,,,,,
,,,,,,,,,,,,,,,,,,,,,,,,,,,,,,
,,,,,,,,,,,,,,,,,,,,,,,,,,,,,,
,,,,,,,,,,,,,,,,,,,,,,,,,,,,,,
,,,,,,,,,,,,,,,,,,,,,,,,,,,,,,
,,,,,,,,,,,,,,,,,,,,,,,,,,,,,,
,,,,,,,,,,,,,,,,,,,,,,,,,,,,,,
,,,,,,,,,,,,,,,,,,,,,,,,,,,,,,
,,,,,,,,,,,,,,,,,,,,,,,,,,,,,,
,,,,,,,,,,,,,,,,,,,,,,,,,,,,,,
,,,,,,,,,,,,,,,,,,,,,,,,,,,,,,
,,,,,,,,,,,,,,,,,,,,,,,,,,,,,,
,,,,,,,,,,,,,,,,,,,,,,,,,,,,,,
,,,,,,,,,,,,,,,,,,,,,,,,,,,,,,
,,,,,,,,,,,,,,,,,,,,,,,,,,,,,,
,,,,,,,,,,,,,,,,,,,,,,,,,,,,,,
,,,,,,,,,,,,,,,,,,,,,,,,,,,,,,
,,,,,,,,,,,,,,,,,,,,,,,,,,,,,,
,,,,,,,,,,,,,,,,,,,,,,,,,,,,,,
,,,,,,,,,,,,,,,,,,,,,,,,,,,,,,
,,,,,,,,,,,,,,,,,,,,,,,,,,,,,,
,,,,,,,,,,,,,,,,,,,,,,,,,,,,,,
,,,,,,,,,,,,,,,,,,,,,,,,,,,,,,
,,,,,,,,,,,,,,,,,,,,,,,,,,,,,,
,,,,,,,,,,,,,,,,,,,,,,,,,,,,,,
,,,,,,,,,,,,,,,,,,,,,,,,,,,,,,
,,,,,,,,,,,,,,,,,,,,,,,,,,,,,,
,,,,,,,,,,,,,,,,,,,,,,,,,,,,,,
,,,,,,,,,,,,,,,,,,,,,,,,,,,,,,
,,,,,,,,,,,,,,,,,,,,,,,,,,,,,,
,,,,,,,,,,,,,,,,,,,,,,,,,,,,,,
,,,,,,,,,,,,,,,,,,,,,,,,,,,,,,
,,,,,,,,,,,,,,,,,,,,,,,,,,,,,,
,,,,,,,,,,,,,,,,,,,,,,,,,,,,,,
,,,,,,,,,,,,,,,,,,,,,,,,,,,,,,
,,,,,,,,,,,,,,,,,,,,,,,,,,,,,,
,,,,,,,,,,,,,,,,,,,,,,,,,,,,,,
,,,,,,,,,,,,,,,,,,,,,,,,,,,,,,
,,,,,,,,,,,,,,,,,,,,,,,,,,,,,,
,,,,,,,,,,,,,,,,,,,,,,,,,,,,,,
,,,,,,,,,,,,,,,,,,,,,,,,,,,,,,
,,,,,,,,,,,,,,,,,,,,,,,,,,,,,,
,,,,,,,,,,,,,,,,,,,,,,,,,,,,,,
,,,,,,,,,,,,,,,,,,,,,,,,,,,,,,
,,,,,,,,,,,,,,,,,,,,,,,,,,,,,,
,,,,,,,,,,,,,,,,,,,,,,,,,,,,,,
,,,,,,,,,,,,,,,,,,,,,,,,,,,,,,
,,,,,,,,,,,,,,,,,,,,,,,,,,,,,,
,,,,,,,,,,,,,,,,,,,,,,,,,,,,,,
,,,,,,,,,,,,,,,,,,,,,,,,,,,,,,
,,,,,,,,,,,,,,,,,,,,,,,,,,,,,,
,,,,,,,,,,,,,,,,,,,,,,,,,,,,,,
,,,,,,,,,,,,,,,,,,,,,,,,,,,,,,
,,,,,,,,,,,,,,,,,,,,,,,,,,,,,,
,,,,,,,,,,,,,,,,,,,,,,,,,,,,,,
,,,,,,,,,,,,,,,,,,,,,,,,,,,,,,
,,,,,,,,,,,,,,,,,,,,,,,,,,,,,,
,,,,,,,,,,,,,,,,,,,,,,,,,,,,,,
,,,,,,,,,,,,,,,,,,,,,,,,,,,,,,
,,,,,,,,,,,,,,,,,,,,,,,,,,,,,,
,,,,,,,,,,,,,,,,,,,,,,,,,,,,,,
,,,,,,,,,,,,,,,,,,,,,,,,,,,,,,
,,,,,,,,,,,,,,,,,,,,,,,,,,,,,,
,,,,,,,,,,,,,,,,,,,,,,,,,,,,,,
,,,,,,,,,,,,,,,,,,,,,,,,,,,,,,
,,,,,,,,,,,,,,,,,,,,,,,,,,,,,,
,,,,,,,,,,,,,,,,,,,,,,,,,,,,,,
,,,,,,,,,,,,,,,,,,,,,,,,,,,,,,
,,,,,,,,,,,,,,,,,,,,,,,,,,,,,,
,,,,,,,,,,,,,,,,,,,,,,,,,,,,,,
,,,,,,,,,,,,,,,,,,,,,,,,,,,,,,
,,,,,,,,,,,,,,,,,,,,,,,,,,,,,,
,,,,,,,,,,,,,,,,,,,,,,,,,,,,,,
,,,,,,,,,,,,,,,,,,,,,,,,,,,,,,
,,,,,,,,,,,,,,,,,,,,,,,,,,,,,,
,,,,,,,,,,,,,,,,,,,,,,,,,,,,,,
,,,,,,,,,,,,,,,,,,,,,,,,,,,,,,
,,,,,,,,,,,,,,,,,,,,,,,,,,,,,,
,,,,,,,,,,,,,,,,,,,,,,,,,,,,,,
,,,,,,,,,,,,,,,,,,,,,,,,,,,,,,
,,,,,,,,,,,,,,,,,,,,,,,,,,,,,,
,,,,,,,,,,,,,,,,,,,,,,,,,,,,,,
,,,,,,,,,,,,,,,,,,,,,,,,,,,,,,
,,,,,,,,,,,,,,,,,,,,,,,,,,,,,,
,,,,,,,,,,,,,,,,,,,,,,,,,,,,,,
,,,,,,,,,,,,,,,,,,,,,,,,,,,,,,
,,,,,,,,,,,,,,,,,,,,,,,,,,,,,,
,,,,,,,,,,,,,,,,,,,,,,,,,,,,,,
,,,,,,,,,,,,,,,,,,,,,,,,,,,,,,
,,,,,,,,,,,,,,,,,,,,,,,,,,,,,,
,,,,,,,,,,,,,,,,,,,,,,,,,,,,,,
,,,,,,,,,,,,,,,,,,,,,,,,,,,,,,
,,,,,,,,,,,,,,,,,,,,,,,,,,,,,,
,,,,,,,,,,,,,,,,,,,,,,,,,,,,,,
,,,,,,,,,,,,,,,,,,,,,,,,,,,,,,
,,,,,,,,,,,,,,,,,,,,,,,,,,,,,,
,,,,,,,,,,,,,,,,,,,,,,,,,,,,,,
,,,,,,,,,,,,,,,,,,,,,,,,,,,,,,
,,,,,,,,,,,,,,,,,,,,,,,,,,,,,,
,,,,,,,,,,,,,,,,,,,,,,,,,,,,,,
,,,,,,,,,,,,,,,,,,,,,,,,,,,,,,
,,,,,,,,,,,,,,,,,,,,,,,,,,,,,,
,,,,,,,,,,,,,,,,,,,,,,,,,,,,,,
,,,,,,,,,,,,,,,,,,,,,,,,,,,,,,
,,,,,,,,,,,,,,,,,,,,,,,,,,,,,,
,,,,,,,,,,,,,,,,,,,,,,,,,,,,,,
,,,,,,,,,,,,,,,,,,,,,,,,,,,,,,
,,,,,,,,,,,,,,,,,,,,,,,,,,,,,,
,,,,,,,,,,,,,,,,,,,,,,,,,,,,,,
,,,,,,,,,,,,,,,,,,,,,,,,,,,,,,
,,,,,,,,,,,,,,,,,,,,,,,,,,,,,,
,,,,,,,,,,,,,,,,,,,,,,,,,,,,,,
,,,,,,,,,,,,,,,,,,,,,,,,,,,,,,
,,,,,,,,,,,,,,,,,,,,,,,,,,,,,,
,,,,,,,,,,,,,,,,,,,,,,,,,,,,,,
,,,,,,,,,,,,,,,,,,,,,,,,,,,,,,
,,,,,,,,,,,,,,,,,,,,,,,,,,,,,,
,,,,,,,,,,,,,,,,,,,,,,,,,,,,,,
,,,,,,,,,,,,,,,,,,,,,,,,,,,,,,
,,,,,,,,,,,,,,,,,,,,,,,,,,,,,,
,,,,,,,,,,,,,,,,,,,,,,,,,,,,,,
,,,,,,,,,,,,,,,,,,,,,,,,,,,,,,
,,,,,,,,,,,,,,,,,,,,,,,,,,,,,,
,,,,,,,,,,,,,,,,,,,,,,,,,,,,,,
,,,,,,,,,,,,,,,,,,,,,,,,,,,,,,
,,,,,,,,,,,,,,,,,,,,,,,,,,,,,,
,,,,,,,,,,,,,,,,,,,,,,,,,,,,,,
,,,,,,,,,,,,,,,,,,,,,,,,,,,,,,
,,,,,,,,,,,,,,,,,,,,,,,,,,,,,,
,,,,,,,,,,,,,,,,,,,,,,,,,,,,,,
,,,,,,,,,,,,,,,,,,,,,,,,,,,,,,
,,,,,,,,,,,,,,,,,,,,,,,,,,,,,,
,,,,,,,,,,,,,,,,,,,,,,,,,,,,,,
,,,,,,,,,,,,,,,,,,,,,,,,,,,,,,
,,,,,,,,,,,,,,,,,,,,,,,,,,,,,,
,,,,,,,,,,,,,,,,,,,,,,,,,,,,,,
,,,,,,,,,,,,,,,,,,,,,,,,,,,,,,
,,,,,,,,,,,,,,,,,,,,,,,,,,,,,,
,,,,,,,,,,,,,,,,,,,,,,,,,,,,,,
,,,,,,,,,,,,,,,,,,,,,,,,,,,,,,
,,,,,,,,,,,,,,,,,,,,,,,,,,,,,,
,,,,,,,,,,,,,,,,,,,,,,,,,,,,,,
,,,,,,,,,,,,,,,,,,,,,,,,,,,,,,
,,,,,,,,,,,,,,,,,,,,,,,,,,,,,,
,,,,,,,,,,,,,,,,,,,,,,,,,,,,,,
,,,,,,,,,,,,,,,,,,,,,,,,,,,,,,
,,,,,,,,,,,,,,,,,,,,,,,,,,,,,,
,,,,,,,,,,,,,,,,,,,,,,,,,,,,,,
,,,,,,,,,,,,,,,,,,,,,,,,,,,,,,
,,,,,,,,,,,,,,,,,,,,,,,,,,,,,,
,,,,,,,,,,,,,,,,,,,,,,,,,,,,,,
,,,,,,,,,,,,,,,,,,,,,,,,,,,,,,
,,,,,,,,,,,,,,,,,,,,,,,,,,,,,,
,,,,,,,,,,,,,,,,,,,,,,,,,,,,,,
,,,,,,,,,,,,,,,,,,,,,,,,,,,,,,
,,,,,,,,,,,,,,,,,,,,,,,,,,,,,,
,,,,,,,,,,,,,,,,,,,,,,,,,,,,,,
,,,,,,,,,,,,,,,,,,,,,,,,,,,,,,
,,,,,,,,,,,,,,,,,,,,,,,,,,,,,,
,,,,,,,,,,,,,,,,,,,,,,,,,,,,,,
,,,,,,,,,,,,,,,,,,,,,,,,,,,,,,
,,,,,,,,,,,,,,,,,,,,,,,,,,,,,,
,,,,,,,,,,,,,,,,,,,,,,,,,,,,,,
,,,,,,,,,,,,,,,,,,,,,,,,,,,,,,
,,,,,,,,,,,,,,,,,,,,,,,,,,,,,,
,,,,,,,,,,,,,,,,,,,,,,,,,,,,,,
,,,,,,,,,,,,,,,,,,,,,,,,,,,,,,
,,,,,,,,,,,,,,,,,,,,,,,,,,,,,,
,,,,,,,,,,,,,,,,,,,,,,,,,,,,,,
,,,,,,,,,,,,,,,,,,,,,,,,,,,,,,
,,,,,,,,,,,,,,,,,,,,,,,,,,,,,,
,,,,,,,,,,,,,,,,,,,,,,,,,,,,,,
,,,,,,,,,,,,,,,,,,,,,,,,,,,,,,
,,,,,,,,,,,,,,,,,,,,,,,,,,,,,,
,,,,,,,,,,,,,,,,,,,,,,,,,,,,,,
,,,,,,,,,,,,,,,,,,,,,,,,,,,,,,
,,,,,,,,,,,,,,,,,,,,,,,,,,,,,,
,,,,,,,,,,,,,,,,,,,,,,,,,,,,,,
,,,,,,,,,,,,,,,,,,,,,,,,,,,,,,
,,,,,,,,,,,,,,,,,,,,,,,,,,,,,,
,,,,,,,,,,,,,,,,,,,,,,,,,,,,,,
,,,,,,,,,,,,,,,,,,,,,,,,,,,,,,
,,,,,,,,,,,,,,,,,,,,,,,,,,,,,,
,,,,,,,,,,,,,,,,,,,,,,,,,,,,,,
,,,,,,,,,,,,,,,,,,,,,,,,,,,,,,
,,,,,,,,,,,,,,,,,,,,,,,,,,,,,,
,,,,,,,,,,,,,,,,,,,,,,,,,,,,,,
,,,,,,,,,,,,,,,,,,,,,,,,,,,,,,
,,,,,,,,,,,,,,,,,,,,,,,,,,,,,,
,,,,,,,,,,,,,,,,,,,,,,,,,,,,,,
,,,,,,,,,,,,,,,,,,,,,,,,,,,,,,
,,,,,,,,,,,,,,,,,,,,,,,,,,,,,,
,,,,,,,,,,,,,,,,,,,,,,,,,,,,,,
,,,,,,,,,,,,,,,,,,,,,,,,,,,,,,
,,,,,,,,,,,,,,,,,,,,,,,,,,,,,,
,,,,,,,,,,,,,,,,,,,,,,,,,,,,,,
,,,,,,,,,,,,,,,,,,,,,,,,,,,,,,
,,,,,,,,,,,,,,,,,,,,,,,,,,,,,,
,,,,,,,,,,,,,,,,,,,,,,,,,,,,,,
,,,,,,,,,,,,,,,,,,,,,,,,,,,,,,
,,,,,,,,,,,,,,,,,,,,,,,,,,,,,,
,,,,,,,,,,,,,,,,,,,,,,,,,,,,,,
,,,,,,,,,,,,,,,,,,,,,,,,,,,,,,
,,,,,,,,,,,,,,,,,,,,,,,,,,,,,,
,,,,,,,,,,,,,,,,,,,,,,,,,,,,,,
,,,,,,,,,,,,,,,,,,,,,,,,,,,,,,
,,,,,,,,,,,,,,,,,,,,,,,,,,,,,,
,,,,,,,,,,,,,,,,,,,,,,,,,,,,,,
,,,,,,,,,,,,,,,,,,,,,,,,,,,,,,
,,,,,,,,,,,,,,,,,,,,,,,,,,,,,,
,,,,,,,,,,,,,,,,,,,,,,,,,,,,,,
,,,,,,,,,,,,,,,,,,,,,,,,,,,,,,
,,,,,,,,,,,,,,,,,,,,,,,,,,,,,,
,,,,,,,,,,,,,,,,,,,,,,,,,,,,,,
,,,,,,,,,,,,,,,,,,,,,,,,,,,,,,
,,,,,,,,,,,,,,,,,,,,,,,,,,,,,,
,,,,,,,,,,,,,,,,,,,,,,,,,,,,,,
,,,,,,,,,,,,,,,,,,,,,,,,,,,,,,
,,,,,,,,,,,,,,,,,,,,,,,,,,,,,,
,,,,,,,,,,,,,,,,,,,,,,,,,,,,,,
,,,,,,,,,,,,,,,,,,,,,,,,,,,,,,
,,,,,,,,,,,,,,,,,,,,,,,,,,,,,,
,,,,,,,,,,,,,,,,,,,,,,,,,,,,,,
,,,,,,,,,,,,,,,,,,,,,,,,,,,,,,
,,,,,,,,,,,,,,,,,,,,,,,,,,,,,,
,,,,,,,,,,,,,,,,,,,,,,,,,,,,,,
,,,,,,,,,,,,,,,,,,,,,,,,,,,,,,
,,,,,,,,,,,,,,,,,,,,,,,,,,,,,,
,,,,,,,,,,,,,,,,,,,,,,,,,,,,,,
,,,,,,,,,,,,,,,,,,,,,,,,,,,,,,
,,,,,,,,,,,,,,,,,,,,,,,,,,,,,,
,,,,,,,,,,,,,,,,,,,,,,,,,,,,,,
,,,,,,,,,,,,,,,,,,,,,,,,,,,,,,
,,,,,,,,,,,,,,,,,,,,,,,,,,,,,,
,,,,,,,,,,,,,,,,,,,,,,,,,,,,,,
,,,,,,,,,,,,,,,,,,,,,,,,,,,,,,
,,,,,,,,,,,,,,,,,,,,,,,,,,,,,,
,,,,,,,,,,,,,,,,,,,,,,,,,,,,,,
,,,,,,,,,,,,,,,,,,,,,,,,,,,,,,
,,,,,,,,,,,,,,,,,,,,,,,,,,,,,,
,,,,,,,,,,,,,,,,,,,,,,,,,,,,,,
,,,,,,,,,,,,,,,,,,,,,,,,,,,,,,
,,,,,,,,,,,,,,,,,,,,,,,,,,,,,,
,,,,,,,,,,,,,,,,,,,,,,,,,,,,,,
,,,,,,,,,,,,,,,,,,,,,,,,,,,,,,
,,,,,,,,,,,,,,,,,,,,,,,,,,,,,,
,,,,,,,,,,,,,,,,,,,,,,,,,,,,,,
,,,,,,,,,,,,,,,,,,,,,,,,,,,,,,
,,,,,,,,,,,,,,,,,,,,,,,,,,,,,,
,,,,,,,,,,,,,,,,,,,,,,,,,,,,,,
,,,,,,,,,,,,,,,,,,,,,,,,,,,,,,
,,,,,,,,,,,,,,,,,,,,,,,,,,,,,,
,,,,,,,,,,,,,,,,,,,,,,,,,,,,,,
,,,,,,,,,,,,,,,,,,,,,,,,,,,,,,
,,,,,,,,,,,,,,,,,,,,,,,,,,,,,,
,,,,,,,,,,,,,,,,,,,,,,,,,,,,,,
,,,,,,,,,,,,,,,,,,,,,,,,,,,,,,
,,,,,,,,,,,,,,,,,,,,,,,,,,,,,,
,,,,,,,,,,,,,,,,,,,,,,,,,,,,,,
,,,,,,,,,,,,,,,,,,,,,,,,,,,,,,
,,,,,,,,,,,,,,,,,,,,,,,,,,,,,,
,,,,,,,,,,,,,,,,,,,,,,,,,,,,,,
,,,,,,,,,,,,,,,,,,,,,,,,,,,,,,
,,,,,,,,,,,,,,,,,,,,,,,,,,,,,,
,,,,,,,,,,,,,,,,,,,,,,,,,,,,,,
,,,,,,,,,,,,,,,,,,,,,,,,,,,,,,
,,,,,,,,,,,,,,,,,,,,,,,,,,,,,,
,,,,,,,,,,,,,,,,,,,,,,,,,,,,,,
,,,,,,,,,,,,,,,,,,,,,,,,,,,,,,
,,,,,,,,,,,,,,,,,,,,,,,,,,,,,,
,,,,,,,,,,,,,,,,,,,,,,,,,,,,,,
,,,,,,,,,,,,,,,,,,,,,,,,,,,,,,
,,,,,,,,,,,,,,,,,,,,,,,,,,,,,,
,,,,,,,,,,,,,,,,,,,,,,,,,,,,,,
,,,,,,,,,,,,,,,,,,,,,,,,,,,,,,
,,,,,,,,,,,,,,,,,,,,,,,,,,,,,,
,,,,,,,,,,,,,,,,,,,,,,,,,,,,,,
,,,,,,,,,,,,,,,,,,,,,,,,,,,,,,
,,,,,,,,,,,,,,,,,,,,,,,,,,,,,,
,,,,,,,,,,,,,,,,,,,,,,,,,,,,,,
,,,,,,,,,,,,,,,,,,,,,,,,,,,,,,
,,,,,,,,,,,,,,,,,,,,,,,,,,,,,,
,,,,,,,,,,,,,,,,,,,,,,,,,,,,,,
,,,,,,,,,,,,,,,,,,,,,,,,,,,,,,
,,,,,,,,,,,,,,,,,,,,,,,,,,,,,,
,,,,,,,,,,,,,,,,,,,,,,,,,,,,,,
,,,,,,,,,,,,,,,,,,,,,,,,,,,,,,
,,,,,,,,,,,,,,,,,,,,,,,,,,,,,,
,,,,,,,,,,,,,,,,,,,,,,,,,,,,,,
,,,,,,,,,,,,,,,,,,,,,,,,,,,,,,
,,,,,,,,,,,,,,,,,,,,,,,,,,,,,,
,,,,,,,,,,,,,,,,,,,,,,,,,,,,,,
,,,,,,,,,,,,,,,,,,,,,,,,,,,,,,
,,,,,,,,,,,,,,,,,,,,,,,,,,,,,,
,,,,,,,,,,,,,,,,,,,,,,,,,,,,,,
,,,,,,,,,,,,,,,,,,,,,,,,,,,,,,
,,,,,,,,,,,,,,,,,,,,,,,,,,,,,,
,,,,,,,,,,,,,,,,,,,,,,,,,,,,,,
,,,,,,,,,,,,,,,,,,,,,,,,,,,,,,
,,,,,,,,,,,,,,,,,,,,,,,,,,,,,,
,,,,,,,,,,,,,,,,,,,,,,,,,,,,,,
,,,,,,,,,,,,,,,,,,,,,,,,,,,,,,
,,,,,,,,,,,,,,,,,,,,,,,,,,,,,,
,,,,,,,,,,,,,,,,,,,,,,,,,,,,,,
,,,,,,,,,,,,,,,,,,,,,,,,,,,,,,
,,,,,,,,,,,,,,,,,,,,,,,,,,,,,,
,,,,,,,,,,,,,,,,,,,,,,,,,,,,,,
,,,,,,,,,,,,,,,,,,,,,,,,,,,,,,
,,,,,,,,,,,,,,,,,,,,,,,,,,,,,,
,,,,,,,,,,,,,,,,,,,,,,,,,,,,,,
,,,,,,,,,,,,,,,,,,,,,,,,,,,,,,
,,,,,,,,,,,,,,,,,,,,,,,,,,,,,,
,,,,,,,,,,,,,,,,,,,,,,,,,,,,,,
,,,,,,,,,,,,,,,,,,,,,,,,,,,,,,
,,,,,,,,,,,,,,,,,,,,,,,,,,,,,,
,,,,,,,,,,,,,,,,,,,,,,,,,,,,,,
,,,,,,,,,,,,,,,,,,,,,,,,,,,,,,
,,,,,,,,,,,,,,,,,,,,,,,,,,,,,,
,,,,,,,,,,,,,,,,,,,,,,,,,,,,,,
,,,,,,,,,,,,,,,,,,,,,,,,,,,,,,
,,,,,,,,,,,,,,,,,,,,,,,,,,,,,,
,,,,,,,,,,,,,,,,,,,,,,,,,,,,,,
,,,,,,,,,,,,,,,,,,,,,,,,,,,,,,
,,,,,,,,,,,,,,,,,,,,,,,,,,,,,,
,,,,,,,,,,,,,,,,,,,,,,,,,,,,,,
,,,,,,,,,,,,,,,,,,,,,,,,,,,,,,
,,,,,,,,,,,,,,,,,,,,,,,,,,,,,,
,,,,,,,,,,,,,,,,,,,,,,,,,,,,,,
,,,,,,,,,,,,,,,,,,,,,,,,,,,,,,
,,,,,,,,,,,,,,,,,,,,,,,,,,,,,,
,,,,,,,,,,,,,,,,,,,,,,,,,,,,,,
,,,,,,,,,,,,,,,,,,,,,,,,,,,,,,
,,,,,,,,,,,,,,,,,,,,,,,,,,,,,,
,,,,,,,,,,,,,,,,,,,,,,,,,,,,,,
,,,,,,,,,,,,,,,,,,,,,,,,,,,,,,
,,,,,,,,,,,,,,,,,,,,,,,,,,,,,,
,,,,,,,,,,,,,,,,,,,,,,,,,,,,,,
,,,,,,,,,,,,,,,,,,,,,,,,,,,,,,
,,,,,,,,,,,,,,,,,,,,,,,,,,,,,,
,,,,,,,,,,,,,,,,,,,,,,,,,,,,,,
,,,,,,,,,,,,,,,,,,,,,,,,,,,,,,
,,,,,,,,,,,,,,,,,,,,,,,,,,,,,,
,,,,,,,,,,,,,,,,,,,,,,,,,,,,,,
,,,,,,,,,,,,,,,,,,,,,,,,,,,,,,
,,,,,,,,,,,,,,,,,,,,,,,,,,,,,,
,,,,,,,,,,,,,,,,,,,,,,,,,,,,,,
,,,,,,,,,,,,,,,,,,,,,,,,,,,,,,
,,,,,,,,,,,,,,,,,,,,,,,,,,,,,,
,,,,,,,,,,,,,,,,,,,,,,,,,,,,,,
,,,,,,,,,,,,,,,,,,,,,,,,,,,,,,
,,,,,,,,,,,,,,,,,,,,,,,,,,,,,,
,,,,,,,,,,,,,,,,,,,,,,,,,,,,,,
,,,,,,,,,,,,,,,,,,,,,,,,,,,,,,
,,,,,,,,,,,,,,,,,,,,,,,,,,,,,,
,,,,,,,,,,,,,,,,,,,,,,,,,,,,,,
,,,,,,,,,,,,,,,,,,,,,,,,,,,,,,
,,,,,,,,,,,,,,,,,,,,,,,,,,,,,,
,,,,,,,,,,,,,,,,,,,,,,,,,,,,,,
,,,,,,,,,,,,,,,,,,,,,,,,,,,,,,
,,,,,,,,,,,,,,,,,,,,,,,,,,,,,,
,,,,,,,,,,,,,,,,,,,,,,,,,,,,,,
,,,,,,,,,,,,,,,,,,,,,,,,,,,,,,
,,,,,,,,,,,,,,,,,,,,,,,,,,,,,,
,,,,,,,,,,,,,,,,,,,,,,,,,,,,,,
,,,,,,,,,,,,,,,,,,,,,,,,,,,,,,
,,,,,,,,,,,,,,,,,,,,,,,,,,,,,,
,,,,,,,,,,,,,,,,,,,,,,,,,,,,,,
,,,,,,,,,,,,,,,,,,,,,,,,,,,,,,
,,,,,,,,,,,,,,,,,,,,,,,,,,,,,,
,,,,,,,,,,,,,,,,,,,,,,,,,,,,,,
,,,,,,,,,,,,,,,,,,,,,,,,,,,,,,
,,,,,,,,,,,,,,,,,,,,,,,,,,,,,,
,,,,,,,,,,,,,,,,,,,,,,,,,,,,,,
,,,,,,,,,,,,,,,,,,,,,,,,,,,,,,
,,,,,,,,,,,,,,,,,,,,,,,,,,,,,,
,,,,,,,,,,,,,,,,,,,,,,,,,,,,,,
,,,,,,,,,,,,,,,,,,,,,,,,,,,,,,
,,,,,,,,,,,,,,,,,,,,,,,,,,,,,,
,,,,,,,,,,,,,,,,,,,,,,,,,,,,,,
,,,,,,,,,,,,,,,,,,,,,,,,,,,,,,
,,,,,,,,,,,,,,,,,,,,,,,,,,,,,,
,,,,,,,,,,,,,,,,,,,,,,,,,,,,,,
,,,,,,,,,,,,,,,,,,,,,,,,,,,,,,
,,,,,,,,,,,,,,,,,,,,,,,,,,,,,,
,,,,,,,,,,,,,,,,,,,,,,,,,,,,,,
,,,,,,,,,,,,,,,,,,,,,,,,,,,,,,
,,,,,,,,,,,,,,,,,,,,,,,,,,,,,,
,,,,,,,,,,,,,,,,,,,,,,,,,,,,,,
,,,,,,,,,,,,,,,,,,,,,,,,,,,,,,
,,,,,,,,,,,,,,,,,,,,,,,,,,,,,,
,,,,,,,,,,,,,,,,,,,,,,,,,,,,,,
,,,,,,,,,,,,,,,,,,,,,,,,,,,,,,
,,,,,,,,,,,,,,,,,,,,,,,,,,,,,,
,,,,,,,,,,,,,,,,,,,,,,,,,,,,,,
,,,,,,,,,,,,,,,,,,,,,,,,,,,,,,
,,,,,,,,,,,,,,,,,,,,,,,,,,,,,,
,,,,,,,,,,,,,,,,,,,,,,,,,,,,,,
,,,,,,,,,,,,,,,,,,,,,,,,,,,,,,
,,,,,,,,,,,,,,,,,,,,,,,,,,,,,,
,,,,,,,,,,,,,,,,,,,,,,,,,,,,,,
,,,,,,,,,,,,,,,,,,,,,,,,,,,,,,
,,,,,,,,,,,,,,,,,,,,,,,,,,,,,,
,,,,,,,,,,,,,,,,,,,,,,,,,,,,,,
,,,,,,,,,,,,,,,,,,,,,,,,,,,,,,
,,,,,,,,,,,,,,,,,,,,,,,,,,,,,,
,,,,,,,,,,,,,,,,,,,,,,,,,,,,,,
,,,,,,,,,,,,,,,,,,,,,,,,,,,,,,
,,,,,,,,,,,,,,,,,,,,,,,,,,,,,,
,,,,,,,,,,,,,,,,,,,,,,,,,,,,,,
,,,,,,,,,,,,,,,,,,,,,,,,,,,,,,
,,,,,,,,,,,,,,,,,,,,,,,,,,,,,,
,,,,,,,,,,,,,,,,,,,,,,,,,,,,,,
,,,,,,,,,,,,,,,,,,,,,,,,,,,,,,
,,,,,,,,,,,,,,,,,,,,,,,,,,,,,,
,,,,,,,,,,,,,,,,,,,,,,,,,,,,,,
,,,,,,,,,,,,,,,,,,,,,,,,,,,,,,
,,,,,,,,,,,,,,,,,,,,,,,,,,,,,,
,,,,,,,,,,,,,,,,,,,,,,,,,,,,,,
,,,,,,,,,,,,,,,,,,,,,,,,,,,,,,
,,,,,,,,,,,,,,,,,,,,,,,,,,,,,,
,,,,,,,,,,,,,,,,,,,,,,,,,,,,,,
,,,,,,,,,,,,,,,,,,,,,,,,,,,,,,
,,,,,,,,,,,,,,,,,,,,,,,,,,,,,,
,,,,,,,,,,,,,,,,,,,,,,,,,,,,,,
,,,,,,,,,,,,,,,,,,,,,,,,,,,,,,
,,,,,,,,,,,,,,,,,,,,,,,,,,,,,,
,,,,,,,,,,,,,,,,,,,,,,,,,,,,,,
,,,,,,,,,,,,,,,,,,,,,,,,,,,,,,
,,,,,,,,,,,,,,,,,,,,,,,,,,,,,,
,,,,,,,,,,,,,,,,,,,,,,,,,,,,,,
,,,,,,,,,,,,,,,,,,,,,,,,,,,,,,
,,,,,,,,,,,,,,,,,,,,,,,,,,,,,,
,,,,,,,,,,,,,,,,,,,,,,,,,,,,,,
,,,,,,,,,,,,,,,,,,,,,,,,,,,,,,
,,,,,,,,,,,,,,,,,,,,,,,,,,,,,,
,,,,,,,,,,,,,,,,,,,,,,,,,,,,,,
,,,,,,,,,,,,,,,,,,,,,,,,,,,,,,
,,,,,,,,,,,,,,,,,,,,,,,,,,,,,,
,,,,,,,,,,,,,,,,,,,,,,,,,,,,,,
,,,,,,,,,,,,,,,,,,,,,,,,,,,,,,
,,,,,,,,,,,,,,,,,,,,,,,,,,,,,,
,,,,,,,,,,,,,,,,,,,,,,,,,,,,,,
,,,,,,,,,,,,,,,,,,,,,,,,,,,,,,
,,,,,,,,,,,,,,,,,,,,,,,,,,,,,,
,,,,,,,,,,,,,,,,,,,,,,,,,,,,,,
,,,,,,,,,,,,,,,,,,,,,,,,,,,,,,
,,,,,,,,,,,,,,,,,,,,,,,,,,,,,,
,,,,,,,,,,,,,,,,,,,,,,,,,,,,,,
,,,,,,,,,,,,,,,,,,,,,,,,,,,,,,
,,,,,,,,,,,,,,,,,,,,,,,,,,,,,,
,,,,,,,,,,,,,,,,,,,,,,,,,,,,,,
,,,,,,,,,,,,,,,,,,,,,,,,,,,,,,
,,,,,,,,,,,,,,,,,,,,,,,,,,,,,,
,,,,,,,,,,,,,,,,,,,,,,,,,,,,,,
,,,,,,,,,,,,,,,,,,,,,,,,,,,,,,
,,,,,,,,,,,,,,,,,,,,,,,,,,,,,,
,,,,,,,,,,,,,,,,,,,,,,,,,,,,,,
,,,,,,,,,,,,,,,,,,,,,,,,,,,,,,
,,,,,,,,,,,,,,,,,,,,,,,,,,,,,,
,,,,,,,,,,,,,,,,,,,,,,,,,,,,,,
,,,,,,,,,,,,,,,,,,,,,,,,,,,,,,
,,,,,,,,,,,,,,,,,,,,,,,,,,,,,,
,,,,,,,,,,,,,,,,,,,,,,,,,,,,,,
,,,,,,,,,,,,,,,,,,,,,,,,,,,,,,
,,,,,,,,,,,,,,,,,,,,,,,,,,,,,,
,,,,,,,,,,,,,,,,,,,,,,,,,,,,,,
,,,,,,,,,,,,,,,,,,,,,,,,,,,,,,
,,,,,,,,,,,,,,,,,,,,,,,,,,,,,,
,,,,,,,,,,,,,,,,,,,,,,,,,,,,,,
,,,,,,,,,,,,,,,,,,,,,,,,,,,,,,
,,,,,,,,,,,,,,,,,,,,,,,,,,,,,,
,,,,,,,,,,,,,,,,,,,,,,,,,,,,,,
,,,,,,,,,,,,,,,,,,,,,,,,,,,,,,
,,,,,,,,,,,,,,,,,,,,,,,,,,,,,,
,,,,,,,,,,,,,,,,,,,,,,,,,,,,,,
,,,,,,,,,,,,,,,,,,,,,,,,,,,,,,
,,,,,,,,,,,,,,,,,,,,,,,,,,,,,,
,,,,,,,,,,,,,,,,,,,,,,,,,,,,,,
,,,,,,,,,,,,,,,,,,,,,,,,,,,,,,
,,,,,,,,,,,,,,,,,,,,,,,,,,,,,,
,,,,,,,,,,,,,,,,,,,,,,,,,,,,,,
,,,,,,,,,,,,,,,,,,,,,,,,,,,,,,
,,,,,,,,,,,,,,,,,,,,,,,,,,,,,,
,,,,,,,,,,,,,,,,,,,,,,,,,,,,,,
,,,,,,,,,,,,,,,,,,,,,,,,,,,,,,
,,,,,,,,,,,,,,,,,,,,,,,,,,,,,,
,,,,,,,,,,,,,,,,,,,,,,,,,,,,,,
,,,,,,,,,,,,,,,,,,,,,,,,,,,,,,
,,,,,,,,,,,,,,,,,,,,,,,,,,,,,,
,,,,,,,,,,,,,,,,,,,,,,,,,,,,,,
,,,,,,,,,,,,,,,,,,,,,,,,,,,,,,
,,,,,,,,,,,,,,,,,,,,,,,,,,,,,,
,,,,,,,,,,,,,,,,,,,,,,,,,,,,,,
,,,,,,,,,,,,,,,,,,,,,,,,,,,,,,
,,,,,,,,,,,,,,,,,,,,,,,,,,,,,,
,,,,,,,,,,,,,,,,,,,,,,,,,,,,,,
,,,,,,,,,,,,,,,,,,,,,,,,,,,,,,
,,,,,,,,,,,,,,,,,,,,,,,,,,,,,,
,,,,,,,,,,,,,,,,,,,,,,,,,,,,,,
,,,,,,,,,,,,,,,,,,,,,,,,,,,,,,
,,,,,,,,,,,,,,,,,,,,,,,,,,,,,,
,,,,,,,,,,,,,,,,,,,,,,,,,,,,,,
,,,,,,,,,,,,,,,,,,,,,,,,,,,,,,
,,,,,,,,,,,,,,,,,,,,,,,,,,,,,,
,,,,,,,,,,,,,,,,,,,,,,,,,,,,,,
,,,,,,,,,,,,,,,,,,,,,,,,,,,,,,
,,,,,,,,,,,,,,,,,,,,,,,,,,,,,,
,,,,,,,,,,,,,,,,,,,,,,,,,,,,,,
,,,,,,,,,,,,,,,,,,,,,,,,,,,,,,
,,,,,,,,,,,,,,,,,,,,,,,,,,,,,,
,,,,,,,,,,,,,,,,,,,,,,,,,,,,,,
,,,,,,,,,,,,,,,,,,,,,,,,,,,,,,
,,,,,,,,,,,,,,,,,,,,,,,,,,,,,,
,,,,,,,,,,,,,,,,,,,,,,,,,,,,,,
,,,,,,,,,,,,,,,,,,,,,,,,,,,,,,
,,,,,,,,,,,,,,,,,,,,,,,,,,,,,,
,,,,,,,,,,,,,,,,,,,,,,,,,,,,,,
,,,,,,,,,,,,,,,,,,,,,,,,,,,,,,
,,,,,,,,,,,,,,,,,,,,,,,,,,,,,,
,,,,,,,,,,,,,,,,,,,,,,,,,,,,,,
,,,,,,,,,,,,,,,,,,,,,,,,,,,,,,
,,,,,,,,,,,,,,,,,,,,,,,,,,,,,,
,,,,,,,,,,,,,,,,,,,,,,,,,,,,,,
,,,,,,,,,,,,,,,,,,,,,,,,,,,,,,
,,,,,,,,,,,,,,,,,,,,,,,,,,,,,,
,,,,,,,,,,,,,,,,,,,,,,,,,,,,,,
,,,,,,,,,,,,,,,,,,,,,,,,,,,,,,
,,,,,,,,,,,,,,,,,,,,,,,,,,,,,,
,,,,,,,,,,,,,,,,,,,,,,,,,,,,,,
,,,,,,,,,,,,,,,,,,,,,,,,,,,,,,
,,,,,,,,,,,,,,,,,,,,,,,,,,,,,,
,,,,,,,,,,,,,,,,,,,,,,,,,,,,,,
,,,,,,,,,,,,,,,,,,,,,,,,,,,,,,
,,,,,,,,,,,,,,,,,,,,,,,,,,,,,,
,,,,,,,,,,,,,,,,,,,,,,,,,,,,,,
,,,,,,,,,,,,,,,,,,,,,,,,,,,,,,
,,,,,,,,,,,,,,,,,,,,,,,,,,,,,,
,,,,,,,,,,,,,,,,,,,,,,,,,,,,,,
,,,,,,,,,,,,,,,,,,,,,,,,,,,,,,
,,,,,,,,,,,,,,,,,,,,,,,,,,,,,,
,,,,,,,,,,,,,,,,,,,,,,,,,,,,,,
,,,,,,,,,,,,,,,,,,,,,,,,,,,,,,
,,,,,,,,,,,,,,,,,,,,,,,,,,,,,,
,,,,,,,,,,,,,,,,,,,,,,,,,,,,,,
,,,,,,,,,,,,,,,,,,,,,,,,,,,,,,
,,,,,,,,,,,,,,,,,,,,,,,,,,,,,,
,,,,,,,,,,,,,,,,,,,,,,,,,,,,,,
,,,,,,,,,,,,,,,,,,,,,,,,,,,,,,
,,,,,,,,,,,,,,,,,,,,,,,,,,,,,,
,,,,,,,,,,,,,,,,,,,,,,,,,,,,,,
,,,,,,,,,,,,,,,,,,,,,,,,,,,,,,
,,,,,,,,,,,,,,,,,,,,,,,,,,,,,,
,,,,,,,,,,,,,,,,,,,,,,,,,,,,,,
,,,,,,,,,,,,,,,,,,,,,,,,,,,,,,
,,,,,,,,,,,,,,,,,,,,,,,,,,,,,,
,,,,,,,,,,,,,,,,,,,,,,,,,,,,,,
,,,,,,,,,,,,,,,,,,,,,,,,,,,,,,
,,,,,,,,,,,,,,,,,,,,,,,,,,,,,,
,,,,,,,,,,,,,,,,,,,,,,,,,,,,,,
,,,,,,,,,,,,,,,,,,,,,,,,,,,,,,
,,,,,,,,,,,,,,,,,,,,,,,,,,,,,,
,,,,,,,,,,,,,,,,,,,,,,,,,,,,,,
,,,,,,,,,,,,,,,,,,,,,,,,,,,,,,
,,,,,,,,,,,,,,,,,,,,,,,,,,,,,,
,,,,,,,,,,,,,,,,,,,,,,,,,,,,,,
,,,,,,,,,,,,,,,,,,,,,,,,,,,,,,
,,,,,,,,,,,,,,,,,,,,,,,,,,,,,,
,,,,,,,,,,,,,,,,,,,,,,,,,,,,,,
,,,,,,,,,,,,,,,,,,,,,,,,,,,,,,
,,,,,,,,,,,,,,,,,,,,,,,,,,,,,,
,,,,,,,,,,,,,,,,,,,,,,,,,,,,,,
,,,,,,,,,,,,,,,,,,,,,,,,,,,,,,
,,,,,,,,,,,,,,,,,,,,,,,,,,,,,,
,,,,,,,,,,,,,,,,,,,,,,,,,,,,,,
,,,,,,,,,,,,,,,,,,,,,,,,,,,,,,
,,,,,,,,,,,,,,,,,,,,,,,,,,,,,,
,,,,,,,,,,,,,,,,,,,,,,,,,,,,,,
,,,,,,,,,,,,,,,,,,,,,,,,,,,,,,
,,,,,,,,,,,,,,,,,,,,,,,,,,,,,,
,,,,,,,,,,,,,,,,,,,,,,,,,,,,,,
,,,,,,,,,,,,,,,,,,,,,,,,,,,,,,
,,,,,,,,,,,,,,,,,,,,,,,,,,,,,,
,,,,,,,,,,,,,,,,,,,,,,,,,,,,,,
,,,,,,,,,,,,,,,,,,,,,,,,,,,,,,
,,,,,,,,,,,,,,,,,,,,,,,,,,,,,,
,,,,,,,,,,,,,,,,,,,,,,,,,,,,,,
,,,,,,,,,,,,,,,,,,,,,,,,,,,,,,
,,,,,,,,,,,,,,,,,,,,,,,,,,,,,,
,,,,,,,,,,,,,,,,,,,,,,,,,,,,,,
,,,,,,,,,,,,,,,,,,,,,,,,,,,,,,
,,,,,,,,,,,,,,,,,,,,,,,,,,,,,,
,,,,,,,,,,,,,,,,,,,,,,,,,,,,,,
,,,,,,,,,,,,,,,,,,,,,,,,,,,,,,
,,,,,,,,,,,,,,,,,,,,,,,,,,,,,,
,,,,,,,,,,,,,,,,,,,,,,,,,,,,,,
,,,,,,,,,,,,,,,,,,,,,,,,,,,,,,
,,,,,,,,,,,,,,,,,,,,,,,,,,,,,,
,,,,,,,,,,,,,,,,,,,,,,,,,,,,,,
,,,,,,,,,,,,,,,,,,,,,,,,,,,,,,
,,,,,,,,,,,,,,,,,,,,,,,,,,,,,,
,,,,,,,,,,,,,,,,,,,,,,,,,,,,,,
,,,,,,,,,,,,,,,,,,,,,,,,,,,,,,
,,,,,,,,,,,,,,,,,,,,,,,,,,,,,,
,,,,,,,,,,,,,,,,,,,,,,,,,,,,,,
,,,,,,,,,,,,,,,,,,,,,,,,,,,,,,
,,,,,,,,,,,,,,,,,,,,,,,,,,,,,,
,,,,,,,,,,,,,,,,,,,,,,,,,,,,,,
,,,,,,,,,,,,,,,,,,,,,,,,,,,,,,
,,,,,,,,,,,,,,,,,,,,,,,,,,,,,,
,,,,,,,,,,,,,,,,,,,,,,,,,,,,,,
,,,,,,,,,,,,,,,,,,,,,,,,,,,,,,
,,,,,,,,,,,,,,,,,,,,,,,,,,,,,,
,,,,,,,,,,,,,,,,,,,,,,,,,,,,,,
,,,,,,,,,,,,,,,,,,,,,,,,,,,,,,
,,,,,,,,,,,,,,,,,,,,,,,,,,,,,,
,,,,,,,,,,,,,,,,,,,,,,,,,,,,,,
,,,,,,,,,,,,,,,,,,,,,,,,,,,,,,
,,,,,,,,,,,,,,,,,,,,,,,,,,,,,,
,,,,,,,,,,,,,,,,,,,,,,,,,,,,,,
,,,,,,,,,,,,,,,,,,,,,,,,,,,,,,
,,,,,,,,,,,,,,,,,,,,,,,,,,,,,,
,,,,,,,,,,,,,,,,,,,,,,,,,,,,,,
,,,,,,,,,,,,,,,,,,,,,,,,,,,,,,
,,,,,,,,,,,,,,,,,,,,,,,,,,,,,,
,,,,,,,,,,,,,,,,,,,,,,,,,,,,,,
,,,,,,,,,,,,,,,,,,,,,,,,,,,,,,
,,,,,,,,,,,,,,,,,,,,,,,,,,,,,,
,,,,,,,,,,,,,,,,,,,,,,,,,,,,,,
,,,,,,,,,,,,,,,,,,,,,,,,,,,,,,
,,,,,,,,,,,,,,,,,,,,,,,,,,,,,,
,,,,,,,,,,,,,,,,,,,,,,,,,,,,,,
,,,,,,,,,,,,,,,,,,,,,,,,,,,,,,
,,,,,,,,,,,,,,,,,,,,,,,,,,,,,,
,,,,,,,,,,,,,,,,,,,,,,,,,,,,,,
,,,,,,,,,,,,,,,,,,,,,,,,,,,,,,
,,,,,,,,,,,,,,,,,,,,,,,,,,,,,,
,,,,,,,,,,,,,,,,,,,,,,,,,,,,,,
,,,,,,,,,,,,,,,,,,,,,,,,,,,,,,
,,,,,,,,,,,,,,,,,,,,,,,,,,,,,,
,,,,,,,,,,,,,,,,,,,,,,,,,,,,,,
,,,,,,,,,,,,,,,,,,,,,,,,,,,,,,
,,,,,,,,,,,,,,,,,,,,,,,,,,,,,,
,,,,,,,,,,,,,,,,,,,,,,,,,,,,,,
,,,,,,,,,,,,,,,,,,,,,,,,,,,,,,
,,,,,,,,,,,,,,,,,,,,,,,,,,,,,,
,,,,,,,,,,,,,,,,,,,,,,,,,,,,,,
,,,,,,,,,,,,,,,,,,,,,,,,,,,,,,
,,,,,,,,,,,,,,,,,,,,,,,,,,,,,,
,,,,,,,,,,,,,,,,,,,,,,,,,,,,,,
,,,,,,,,,,,,,,,,,,,,,,,,,,,,,,
,,,,,,,,,,,,,,,,,,,,,,,,,,,,,,
,,,,,,,,,,,,,,,,,,,,,,,,,,,,,,
,,,,,,,,,,,,,,,,,,,,,,,,,,,,,,
,,,,,,,,,,,,,,,,,,,,,,,,,,,,,,
,,,,,,,,,,,,,,,,,,,,,,,,,,,,,,
,,,,,,,,,,,,,,,,,,,,,,,,,,,,,,
,,,,,,,,,,,,,,,,,,,,,,,,,,,,,,
,,,,,,,,,,,,,,,,,,,,,,,,,,,,,,
,,,,,,,,,,,,,,,,,,,,,,,,,,,,,,
,,,,,,,,,,,,,,,,,,,,,,,,,,,,,,
,,,,,,,,,,,,,,,,,,,,,,,,,,,,,,
,,,,,,,,,,,,,,,,,,,,,,,,,,,,,,
,,,,,,,,,,,,,,,,,,,,,,,,,,,,,,
,,,,,,,,,,,,,,,,,,,,,,,,,,,,,,
,,,,,,,,,,,,,,,,,,,,,,,,,,,,,,
,,,,,,,,,,,,,,,,,,,,,,,,,,,,,,
